batch,block_k,block_m,block_n,cols,dense_full_concat_ms,dense_selected_concat_ms,high_rows_total,latency_ms,layer,low_rows_total,model,module_count,modules,ok,rel_l2_vs_dense_selected_concat,rel_l2_vs_triton_separate,runtime,selected_rows_per_module,selected_rows_total,speedup_vs_dense_full_concat,speedup_vs_dense_selected_concat,speedup_vs_triton_separate,suffixes,triton_separate_selected_ms
1,64,32,16,1024,0.043456337500202835,0.01238845000059996,16,0.043456337500202835,0,32,Qwen/Qwen3-0.6B,3,"['model.layers.0.self_attn.q_proj', 'model.layers.0.self_attn.k_proj', 'model.layers.0.self_attn.v_proj']",True,0.0,,dense_full_concat,16,48,1.0,0.2850780970794452,5.059646651052729,"['q_proj', 'k_proj', 'v_proj']",0.21987371249991838
1,64,32,16,1024,0.043456337500202835,0.01238845000059996,16,0.01238845000059996,0,32,Qwen/Qwen3-0.6B,3,"['model.layers.0.self_attn.q_proj', 'model.layers.0.self_attn.k_proj', 'model.layers.0.self_attn.v_proj']",True,0.0,,dense_selected_concat,16,48,3.507810702557486,1.0,17.748282673721903,"['q_proj', 'k_proj', 'v_proj']",0.21987371249991838
1,64,32,16,1024,0.043456337500202835,0.01238845000059996,16,0.06981996250061684,0,32,Qwen/Qwen3-0.6B,3,"['model.layers.0.self_attn.q_proj', 'model.layers.0.self_attn.k_proj', 'model.layers.0.self_attn.v_proj']",True,0.09180185198783875,,cached_selected_concat,16,48,0.6224056264684891,0.17743421160517683,3.149152543557666,"['q_proj', 'k_proj', 'v_proj']",0.21987371249991838
1,64,32,16,1024,0.043456337500202835,0.01238845000059996,16,0.21987371249991838,0,32,Qwen/Qwen3-0.6B,3,"['model.layers.0.self_attn.q_proj', 'model.layers.0.self_attn.k_proj', 'model.layers.0.self_attn.v_proj']",True,0.09180185198783875,,triton_separate_selected,16,48,0.19764226021434447,0.05634347944438587,1.0,"['q_proj', 'k_proj', 'v_proj']",0.21987371249991838
1,64,32,16,1024,0.043456337500202835,0.01238845000059996,16,0.18727607499968713,0,32,Qwen/Qwen3-0.6B,3,"['model.layers.0.self_attn.q_proj', 'model.layers.0.self_attn.k_proj', 'model.layers.0.self_attn.v_proj']",True,0.09180185198783875,0.0,triton_fused_selected,16,48,0.2320442560550003,0.06615073495437501,1.1740619430447041,"['q_proj', 'k_proj', 'v_proj']",0.21987371249991838
1,64,32,16,1024,0.043456337500202835,0.06089873749957064,64,0.043456337500202835,0,128,Qwen/Qwen3-0.6B,3,"['model.layers.0.self_attn.q_proj', 'model.layers.0.self_attn.k_proj', 'model.layers.0.self_attn.v_proj']",True,0.0,,dense_full_concat,64,192,1.0,1.401377589615931,11.722418507945942,"['q_proj', 'k_proj', 'v_proj']",0.509413374999923
1,64,32,16,1024,0.043456337500202835,0.06089873749957064,64,0.06089873749957064,0,128,Qwen/Qwen3-0.6B,3,"['model.layers.0.self_attn.q_proj', 'model.layers.0.self_attn.k_proj', 'model.layers.0.self_attn.v_proj']",True,0.0,,dense_selected_concat,64,192,0.7135835533619924,1.0,8.364925052896451,"['q_proj', 'k_proj', 'v_proj']",0.509413374999923
1,64,32,16,1024,0.043456337500202835,0.06089873749957064,64,0.04362651250033878,0,128,Qwen/Qwen3-0.6B,3,"['model.layers.0.self_attn.q_proj', 'model.layers.0.self_attn.k_proj', 'model.layers.0.self_attn.v_proj']",True,0.17113398015499115,,cached_selected_concat,64,192,0.996099275638074,1.395911201911859,11.676692584491304,"['q_proj', 'k_proj', 'v_proj']",0.509413374999923
1,64,32,16,1024,0.043456337500202835,0.06089873749957064,64,0.509413374999923,0,128,Qwen/Qwen3-0.6B,3,"['model.layers.0.self_attn.q_proj', 'model.layers.0.self_attn.k_proj', 'model.layers.0.self_attn.v_proj']",True,0.17113398015499115,,triton_separate_selected,64,192,0.08530662843355732,0.11954679733248041,1.0,"['q_proj', 'k_proj', 'v_proj']",0.509413374999923
1,64,32,16,1024,0.043456337500202835,0.06089873749957064,64,0.08147639999975809,0,128,Qwen/Qwen3-0.6B,3,"['model.layers.0.self_attn.q_proj', 'model.layers.0.self_attn.k_proj', 'model.layers.0.self_attn.v_proj']",True,0.17113398015499115,0.0,triton_fused_selected,64,192,0.5333610407471594,0.7474402096772987,6.252281335471812,"['q_proj', 'k_proj', 'v_proj']",0.509413374999923
1,64,32,16,1024,0.043456337500202835,0.013426412500194829,256,0.043456337500202835,0,512,Qwen/Qwen3-0.6B,3,"['model.layers.0.self_attn.q_proj', 'model.layers.0.self_attn.k_proj', 'model.layers.0.self_attn.v_proj']",True,0.0,,dense_full_concat,256,768,1.0,0.30896327837411885,3.425011081495914,"['q_proj', 'k_proj', 'v_proj']",0.14883843749942116
1,64,32,16,1024,0.043456337500202835,0.013426412500194829,256,0.013426412500194829,0,512,Qwen/Qwen3-0.6B,3,"['model.layers.0.self_attn.q_proj', 'model.layers.0.self_attn.k_proj', 'model.layers.0.self_attn.v_proj']",True,0.0,,dense_selected_concat,256,768,3.2366305965627262,1.0,11.085495659936068,"['q_proj', 'k_proj', 'v_proj']",0.14883843749942116
1,64,32,16,1024,0.043456337500202835,0.013426412500194829,256,0.011420112500104551,0,512,Qwen/Qwen3-0.6B,3,"['model.layers.0.self_attn.q_proj', 'model.layers.0.self_attn.k_proj', 'model.layers.0.self_attn.v_proj']",True,0.12311789393424988,,cached_selected_concat,256,768,3.8052460078484334,1.17568128160488,13.033009744698973,"['q_proj', 'k_proj', 'v_proj']",0.14883843749942116
1,64,32,16,1024,0.043456337500202835,0.013426412500194829,256,0.14883843749942116,0,512,Qwen/Qwen3-0.6B,3,"['model.layers.0.self_attn.q_proj', 'model.layers.0.self_attn.k_proj', 'model.layers.0.self_attn.v_proj']",True,0.12311893701553345,,triton_separate_selected,256,768,0.29196985825903904,0.0902079645941395,1.0,"['q_proj', 'k_proj', 'v_proj']",0.14883843749942116
1,64,32,16,1024,0.043456337500202835,0.013426412500194829,256,0.07851099999953703,0,512,Qwen/Qwen3-0.6B,3,"['model.layers.0.self_attn.q_proj', 'model.layers.0.self_attn.k_proj', 'model.layers.0.self_attn.v_proj']",True,0.12311893701553345,0.0,triton_fused_selected,256,768,0.5535063558031242,0.17101313828984477,1.8957654023041208,"['q_proj', 'k_proj', 'v_proj']",0.14883843749942116
12,64,32,16,1024,0.018742174999886174,0.021339474999848562,16,0.018742174999886174,0,32,Qwen/Qwen3-0.6B,3,"['model.layers.0.self_attn.q_proj', 'model.layers.0.self_attn.k_proj', 'model.layers.0.self_attn.v_proj']",True,0.0,,dense_full_concat,16,48,1.0,1.1385805009278893,14.877484870413046,"['q_proj', 'k_proj', 'v_proj']",0.27883642499944017
12,64,32,16,1024,0.018742174999886174,0.021339474999848562,16,0.021339474999848562,0,32,Qwen/Qwen3-0.6B,3,"['model.layers.0.self_attn.q_proj', 'model.layers.0.self_attn.k_proj', 'model.layers.0.self_attn.v_proj']",True,0.0,,dense_selected_concat,16,48,0.8782866026469339,1.0,13.066695642766232,"['q_proj', 'k_proj', 'v_proj']",0.27883642499944017
12,64,32,16,1024,0.018742174999886174,0.021339474999848562,16,0.016317800000109628,0,32,Qwen/Qwen3-0.6B,3,"['model.layers.0.self_attn.q_proj', 'model.layers.0.self_attn.k_proj', 'model.layers.0.self_attn.v_proj']",True,0.12853161990642548,,cached_selected_concat,16,48,1.1485724178357535,1.3077421588513891,17.08786876892515,"['q_proj', 'k_proj', 'v_proj']",0.27883642499944017
12,64,32,16,1024,0.018742174999886174,0.021339474999848562,16,0.27883642499944017,0,32,Qwen/Qwen3-0.6B,3,"['model.layers.0.self_attn.q_proj', 'model.layers.0.self_attn.k_proj', 'model.layers.0.self_attn.v_proj']",True,0.12853161990642548,,triton_separate_selected,16,48,0.06721566237238841,0.07653044253415388,1.0,"['q_proj', 'k_proj', 'v_proj']",0.27883642499944017
12,64,32,16,1024,0.018742174999886174,0.021339474999848562,16,0.0827491875000419,0,32,Qwen/Qwen3-0.6B,3,"['model.layers.0.self_attn.q_proj', 'model.layers.0.self_attn.k_proj', 'model.layers.0.self_attn.v_proj']",True,0.12853161990642548,0.0,triton_fused_selected,16,48,0.22649376466538337,0.2578813840297557,3.369657557052134,"['q_proj', 'k_proj', 'v_proj']",0.27883642499944017
12,64,32,16,1024,0.018742174999886174,0.020349587499879362,64,0.018742174999886174,0,128,Qwen/Qwen3-0.6B,3,"['model.layers.0.self_attn.q_proj', 'model.layers.0.self_attn.k_proj', 'model.layers.0.self_attn.v_proj']",True,0.0,,dense_full_concat,64,192,1.0,1.0857644590343944,8.947169952295782,"['q_proj', 'k_proj', 'v_proj']",0.16768942499965078
12,64,32,16,1024,0.018742174999886174,0.020349587499879362,64,0.020349587499879362,0,128,Qwen/Qwen3-0.6B,3,"['model.layers.0.self_attn.q_proj', 'model.layers.0.self_attn.k_proj', 'model.layers.0.self_attn.v_proj']",True,0.0,,dense_selected_concat,64,192,0.9210100696142997,1.0,8.240433620614908,"['q_proj', 'k_proj', 'v_proj']",0.16768942499965078
12,64,32,16,1024,0.018742174999886174,0.020349587499879362,64,0.01909282500065501,0,128,Qwen/Qwen3-0.6B,3,"['model.layers.0.self_attn.q_proj', 'model.layers.0.self_attn.k_proj', 'model.layers.0.self_attn.v_proj']",True,0.1424390971660614,,cached_selected_concat,64,192,0.9816344621208853,1.0658238107342017,8.782850363626018,"['q_proj', 'k_proj', 'v_proj']",0.16768942499965078
12,64,32,16,1024,0.018742174999886174,0.020349587499879362,64,0.16768942499965078,0,128,Qwen/Qwen3-0.6B,3,"['model.layers.0.self_attn.q_proj', 'model.layers.0.self_attn.k_proj', 'model.layers.0.self_attn.v_proj']",True,0.1424395740032196,,triton_separate_selected,64,192,0.11176718507994887,0.12135283724612772,1.0,"['q_proj', 'k_proj', 'v_proj']",0.16768942499965078
12,64,32,16,1024,0.018742174999886174,0.020349587499879362,64,0.18504496250031366,0,128,Qwen/Qwen3-0.6B,3,"['model.layers.0.self_attn.q_proj', 'model.layers.0.self_attn.k_proj', 'model.layers.0.self_attn.v_proj']",True,0.1424395740032196,0.0,triton_fused_selected,64,192,0.10128443782874881,0.10997104284773421,0.9062090787765517,"['q_proj', 'k_proj', 'v_proj']",0.16768942499965078
12,64,32,16,1024,0.018742174999886174,0.06942196250037114,256,0.018742174999886174,0,512,Qwen/Qwen3-0.6B,3,"['model.layers.0.self_attn.q_proj', 'model.layers.0.self_attn.k_proj', 'model.layers.0.self_attn.v_proj']",True,0.0,,dense_full_concat,256,768,1.0,3.70405049044696,8.405213108967915,"['q_proj', 'k_proj', 'v_proj']",0.15753197499961402
12,64,32,16,1024,0.018742174999886174,0.06942196250037114,256,0.06942196250037114,0,512,Qwen/Qwen3-0.6B,3,"['model.layers.0.self_attn.q_proj', 'model.layers.0.self_attn.k_proj', 'model.layers.0.self_attn.v_proj']",True,0.0,,dense_selected_concat,256,768,0.26997472161329317,1.0,2.2691950691940153,"['q_proj', 'k_proj', 'v_proj']",0.15753197499961402
12,64,32,16,1024,0.018742174999886174,0.06942196250037114,256,0.06142625000009616,0,512,Qwen/Qwen3-0.6B,3,"['model.layers.0.self_attn.q_proj', 'model.layers.0.self_attn.k_proj', 'model.layers.0.self_attn.v_proj']",True,0.13328085839748383,,cached_selected_concat,256,768,0.3051167049894277,1.1301676807596501,2.564570928542234,"['q_proj', 'k_proj', 'v_proj']",0.15753197499961402
12,64,32,16,1024,0.018742174999886174,0.06942196250037114,256,0.15753197499961402,0,512,Qwen/Qwen3-0.6B,3,"['model.layers.0.self_attn.q_proj', 'model.layers.0.self_attn.k_proj', 'model.layers.0.self_attn.v_proj']",True,0.13328085839748383,,triton_separate_selected,256,768,0.11897378294109558,0.4406848990532953,1.0,"['q_proj', 'k_proj', 'v_proj']",0.15753197499961402
12,64,32,16,1024,0.018742174999886174,0.06942196250037114,256,0.09357792499997686,0,512,Qwen/Qwen3-0.6B,3,"['model.layers.0.self_attn.q_proj', 'model.layers.0.self_attn.k_proj', 'model.layers.0.self_attn.v_proj']",True,0.13328085839748383,0.0,triton_fused_selected,256,768,0.20028414821006993,0.7418625974062611,1.6834309480537528,"['q_proj', 'k_proj', 'v_proj']",0.15753197499961402
64,64,32,16,1024,0.01699232500058656,0.02134236249986543,16,0.01699232500058656,0,32,Qwen/Qwen3-0.6B,3,"['model.layers.0.self_attn.q_proj', 'model.layers.0.self_attn.k_proj', 'model.layers.0.self_attn.v_proj']",True,0.0,,dense_full_concat,16,48,1.0,1.256000135303951,8.963070091638844,"['q_proj', 'k_proj', 'v_proj']",0.1523034000001644
64,64,32,16,1024,0.01699232500058656,0.02134236249986543,16,0.02134236249986543,0,32,Qwen/Qwen3-0.6B,3,"['model.layers.0.self_attn.q_proj', 'model.layers.0.self_attn.k_proj', 'model.layers.0.self_attn.v_proj']",True,0.0,,dense_selected_concat,16,48,0.7961782581798853,1.0,7.13620153350524,"['q_proj', 'k_proj', 'v_proj']",0.1523034000001644
64,64,32,16,1024,0.01699232500058656,0.02134236249986543,16,0.018710975000146846,0,32,Qwen/Qwen3-0.6B,3,"['model.layers.0.self_attn.q_proj', 'model.layers.0.self_attn.k_proj', 'model.layers.0.self_attn.v_proj']",True,0.12990093231201172,,cached_selected_concat,16,48,0.9081474910021099,1.1406333715745938,8.139789615397868,"['q_proj', 'k_proj', 'v_proj']",0.1523034000001644
64,64,32,16,1024,0.01699232500058656,0.02134236249986543,16,0.1523034000001644,0,32,Qwen/Qwen3-0.6B,3,"['model.layers.0.self_attn.q_proj', 'model.layers.0.self_attn.k_proj', 'model.layers.0.self_attn.v_proj']",True,0.1299053132534027,,triton_separate_selected,16,48,0.11156891442061188,0.14013057160800346,1.0,"['q_proj', 'k_proj', 'v_proj']",0.1523034000001644
64,64,32,16,1024,0.01699232500058656,0.02134236249986543,16,0.14594306249975375,0,32,Qwen/Qwen3-0.6B,3,"['model.layers.0.self_attn.q_proj', 'model.layers.0.self_attn.k_proj', 'model.layers.0.self_attn.v_proj']",True,0.1299053132534027,0.0,triton_fused_selected,16,48,0.11643119384736245,0.14623759522588778,1.0435809513070988,"['q_proj', 'k_proj', 'v_proj']",0.1523034000001644
64,64,32,16,1024,0.01699232500058656,0.0949194749999549,64,0.01699232500058656,0,128,Qwen/Qwen3-0.6B,3,"['model.layers.0.self_attn.q_proj', 'model.layers.0.self_attn.k_proj', 'model.layers.0.self_attn.v_proj']",True,0.0,,dense_full_concat,64,192,1.0,5.586020453156255,9.583413393681608,"['q_proj', 'k_proj', 'v_proj']",0.1628444750004121
64,64,32,16,1024,0.01699232500058656,0.0949194749999549,64,0.0949194749999549,0,128,Qwen/Qwen3-0.6B,3,"['model.layers.0.self_attn.q_proj', 'model.layers.0.self_attn.k_proj', 'model.layers.0.self_attn.v_proj']",True,0.0,,dense_selected_concat,64,192,0.1790183205353236,1.0,1.7156065707326076,"['q_proj', 'k_proj', 'v_proj']",0.1628444750004121
64,64,32,16,1024,0.01699232500058656,0.0949194749999549,64,0.08313304999987281,0,128,Qwen/Qwen3-0.6B,3,"['model.layers.0.self_attn.q_proj', 'model.layers.0.self_attn.k_proj', 'model.layers.0.self_attn.v_proj']",True,0.1433386206626892,,cached_selected_concat,64,192,0.2043991529315063,1.1417778488832073,1.9588415798609728,"['q_proj', 'k_proj', 'v_proj']",0.1628444750004121
64,64,32,16,1024,0.01699232500058656,0.0949194749999549,64,0.1628444750004121,0,128,Qwen/Qwen3-0.6B,3,"['model.layers.0.self_attn.q_proj', 'model.layers.0.self_attn.k_proj', 'model.layers.0.self_attn.v_proj']",True,0.14333966374397278,,triton_separate_selected,64,192,0.104346954359634,0.5828842212774777,1.0,"['q_proj', 'k_proj', 'v_proj']",0.1628444750004121
64,64,32,16,1024,0.01699232500058656,0.0949194749999549,64,0.08595453750004367,0,128,Qwen/Qwen3-0.6B,3,"['model.layers.0.self_attn.q_proj', 'model.layers.0.self_attn.k_proj', 'model.layers.0.self_attn.v_proj']",True,0.14333966374397278,0.0,triton_fused_selected,64,192,0.19768967985637673,1.1042985950556325,1.89454192572823,"['q_proj', 'k_proj', 'v_proj']",0.1628444750004121
64,64,32,16,1024,0.01699232500058656,0.013736887499504746,256,0.01699232500058656,0,512,Qwen/Qwen3-0.6B,3,"['model.layers.0.self_attn.q_proj', 'model.layers.0.self_attn.k_proj', 'model.layers.0.self_attn.v_proj']",True,0.0,,dense_full_concat,256,768,1.0,0.8084171824062075,9.597371901411117,"['q_proj', 'k_proj', 'v_proj']",0.16308166250027512
64,64,32,16,1024,0.01699232500058656,0.013736887499504746,256,0.013736887499504746,0,512,Qwen/Qwen3-0.6B,3,"['model.layers.0.self_attn.q_proj', 'model.layers.0.self_attn.k_proj', 'model.layers.0.self_attn.v_proj']",True,0.0,,dense_selected_concat,256,768,1.2369850885944274,1.0,11.871805931740699,"['q_proj', 'k_proj', 'v_proj']",0.16308166250027512
64,64,32,16,1024,0.01699232500058656,0.013736887499504746,256,0.012353875000314929,0,512,Qwen/Qwen3-0.6B,3,"['model.layers.0.self_attn.q_proj', 'model.layers.0.self_attn.k_proj', 'model.layers.0.self_attn.v_proj']",True,0.13518793880939484,,cached_selected_concat,256,768,1.3754651880607005,1.111949691829856,13.200850947262927,"['q_proj', 'k_proj', 'v_proj']",0.16308166250027512
64,64,32,16,1024,0.01699232500058656,0.013736887499504746,256,0.16308166250027512,0,512,Qwen/Qwen3-0.6B,3,"['model.layers.0.self_attn.q_proj', 'model.layers.0.self_attn.k_proj', 'model.layers.0.self_attn.v_proj']",True,0.13518786430358887,,triton_separate_selected,256,768,0.10419519117030031,0.08423318286617033,1.0,"['q_proj', 'k_proj', 'v_proj']",0.16308166250027512
64,64,32,16,1024,0.01699232500058656,0.013736887499504746,256,0.14535054999953445,0,512,Qwen/Qwen3-0.6B,3,"['model.layers.0.self_attn.q_proj', 'model.layers.0.self_attn.k_proj', 'model.layers.0.self_attn.v_proj']",True,0.13518786430358887,0.0,triton_fused_selected,256,768,0.11690581838624613,0.0945086723067009,1.1219886164916297,"['q_proj', 'k_proj', 'v_proj']",0.16308166250027512
1,64,32,16,1024,0.038392537499731816,0.01575360000032333,0,0.038392537499731816,1,48,Qwen/Qwen3-0.6B,3,"['model.layers.1.self_attn.q_proj', 'model.layers.1.self_attn.k_proj', 'model.layers.1.self_attn.v_proj']",True,0.0,,dense_full_concat,16,48,1.0,0.4103297418263478,3.9396728465963693,"['q_proj', 'k_proj', 'v_proj']",0.1512540374996263
1,64,32,16,1024,0.038392537499731816,0.01575360000032333,0,0.01575360000032333,1,48,Qwen/Qwen3-0.6B,3,"['model.layers.1.self_attn.q_proj', 'model.layers.1.self_attn.k_proj', 'model.layers.1.self_attn.v_proj']",True,0.0,,dense_selected_concat,16,48,2.437064385216321,1.0,9.601236383843814,"['q_proj', 'k_proj', 'v_proj']",0.1512540374996263
1,64,32,16,1024,0.038392537499731816,0.01575360000032333,0,0.01273259999976517,1,48,Qwen/Qwen3-0.6B,3,"['model.layers.1.self_attn.q_proj', 'model.layers.1.self_attn.k_proj', 'model.layers.1.self_attn.v_proj']",True,0.16614535450935364,,cached_selected_concat,16,48,3.0152944018063788,1.237264973423643,11.879273479290632,"['q_proj', 'k_proj', 'v_proj']",0.1512540374996263
1,64,32,16,1024,0.038392537499731816,0.01575360000032333,0,0.1512540374996263,1,48,Qwen/Qwen3-0.6B,3,"['model.layers.1.self_attn.q_proj', 'model.layers.1.self_attn.k_proj', 'model.layers.1.self_attn.v_proj']",True,0.1661449372768402,,triton_separate_selected,16,48,0.2538281829324832,0.1041532527709368,1.0,"['q_proj', 'k_proj', 'v_proj']",0.1512540374996263
1,64,32,16,1024,0.038392537499731816,0.01575360000032333,0,0.06278944999991154,1,48,Qwen/Qwen3-0.6B,3,"['model.layers.1.self_attn.q_proj', 'model.layers.1.self_attn.k_proj', 'model.layers.1.self_attn.v_proj']",True,0.1661449372768402,0.0,triton_fused_selected,16,48,0.6114488580451956,0.2508956520617003,2.408908463123015,"['q_proj', 'k_proj', 'v_proj']",0.1512540374996263
1,64,32,16,1024,0.038392537499731816,0.014994912500299051,0,0.038392537499731816,1,192,Qwen/Qwen3-0.6B,3,"['model.layers.1.self_attn.q_proj', 'model.layers.1.self_attn.k_proj', 'model.layers.1.self_attn.v_proj']",True,0.0,,dense_full_concat,64,192,1.0,0.3905684145103406,3.966340138400364,"['q_proj', 'k_proj', 'v_proj']",0.15227786250022746
1,64,32,16,1024,0.038392537499731816,0.014994912500299051,0,0.014994912500299051,1,192,Qwen/Qwen3-0.6B,3,"['model.layers.1.self_attn.q_proj', 'model.layers.1.self_attn.k_proj', 'model.layers.1.self_attn.v_proj']",True,0.0,,dense_selected_concat,64,192,2.5603708923920787,1.0,10.155301839686661,"['q_proj', 'k_proj', 'v_proj']",0.15227786250022746
1,64,32,16,1024,0.038392537499731816,0.014994912500299051,0,0.01250753750028366,1,192,Qwen/Qwen3-0.6B,3,"['model.layers.1.self_attn.q_proj', 'model.layers.1.self_attn.k_proj', 'model.layers.1.self_attn.v_proj']",True,0.15044096112251282,,cached_selected_concat,64,192,3.069552060016698,1.1988700813376716,12.174887542553753,"['q_proj', 'k_proj', 'v_proj']",0.15227786250022746
1,64,32,16,1024,0.038392537499731816,0.014994912500299051,0,0.15227786250022746,1,192,Qwen/Qwen3-0.6B,3,"['model.layers.1.self_attn.q_proj', 'model.layers.1.self_attn.k_proj', 'model.layers.1.self_attn.v_proj']",True,0.15044018626213074,,triton_separate_selected,64,192,0.25212159449423893,0.0984707314254339,1.0,"['q_proj', 'k_proj', 'v_proj']",0.15227786250022746
1,64,32,16,1024,0.038392537499731816,0.014994912500299051,0,0.06087168749999705,1,192,Qwen/Qwen3-0.6B,3,"['model.layers.1.self_attn.q_proj', 'model.layers.1.self_attn.k_proj', 'model.layers.1.self_attn.v_proj']",True,0.15044018626213074,0.0,triton_fused_selected,64,192,0.6307125541695172,0.24633640229375567,2.50162051939557,"['q_proj', 'k_proj', 'v_proj']",0.15227786250022746
1,64,32,16,1024,0.038392537499731816,0.015196537500372642,0,0.038392537499731816,1,768,Qwen/Qwen3-0.6B,3,"['model.layers.1.self_attn.q_proj', 'model.layers.1.self_attn.k_proj', 'model.layers.1.self_attn.v_proj']",True,0.0,,dense_full_concat,256,768,1.0,0.3958200861424904,4.240342280083697,"['q_proj', 'k_proj', 'v_proj']",0.16279749999981163
1,64,32,16,1024,0.038392537499731816,0.015196537500372642,0,0.015196537500372642,1,768,Qwen/Qwen3-0.6B,3,"['model.layers.1.self_attn.q_proj', 'model.layers.1.self_attn.k_proj', 'model.layers.1.self_attn.v_proj']",True,0.0,,dense_selected_concat,256,768,2.526400339471434,1.0,10.712802175878524,"['q_proj', 'k_proj', 'v_proj']",0.16279749999981163
1,64,32,16,1024,0.038392537499731816,0.015196537500372642,0,0.012785337499821026,1,768,Qwen/Qwen3-0.6B,3,"['model.layers.1.self_attn.q_proj', 'model.layers.1.self_attn.k_proj', 'model.layers.1.self_attn.v_proj']",True,0.1601819097995758,,cached_selected_concat,256,768,3.002856788119144,1.1885910325468818,12.733140599697938,"['q_proj', 'k_proj', 'v_proj']",0.16279749999981163
1,64,32,16,1024,0.038392537499731816,0.015196537500372642,0,0.16279749999981163,1,768,Qwen/Qwen3-0.6B,3,"['model.layers.1.self_attn.q_proj', 'model.layers.1.self_attn.k_proj', 'model.layers.1.self_attn.v_proj']",True,0.16018183529376984,,triton_separate_selected,256,768,0.23583001888712196,0.09334625839088577,1.0,"['q_proj', 'k_proj', 'v_proj']",0.16279749999981163
1,64,32,16,1024,0.038392537499731816,0.015196537500372642,0,0.20039361249999388,1,768,Qwen/Qwen3-0.6B,3,"['model.layers.1.self_attn.q_proj', 'model.layers.1.self_attn.k_proj', 'model.layers.1.self_attn.v_proj']",True,0.16018183529376984,0.0,triton_fused_selected,256,768,0.1915856349948928,0.0758334425473422,0.8123886683255266,"['q_proj', 'k_proj', 'v_proj']",0.16279749999981163
12,64,32,16,1024,0.07427494999987516,0.08284612500020216,0,0.07427494999987516,1,48,Qwen/Qwen3-0.6B,3,"['model.layers.1.self_attn.q_proj', 'model.layers.1.self_attn.k_proj', 'model.layers.1.self_attn.v_proj']",True,0.0,,dense_full_concat,16,48,1.0,1.1153979235306306,5.527373798303735,"['q_proj', 'k_proj', 'v_proj']",0.41054541249962995
12,64,32,16,1024,0.07427494999987516,0.08284612500020216,0,0.08284612500020216,1,48,Qwen/Qwen3-0.6B,3,"['model.layers.1.self_attn.q_proj', 'model.layers.1.self_attn.k_proj', 'model.layers.1.self_attn.v_proj']",True,0.0,,dense_selected_concat,16,48,0.8965410271113333,1.0,4.955517382359503,"['q_proj', 'k_proj', 'v_proj']",0.41054541249962995
12,64,32,16,1024,0.07427494999987516,0.08284612500020216,0,0.0798641999999461,1,48,Qwen/Qwen3-0.6B,3,"['model.layers.1.self_attn.q_proj', 'model.layers.1.self_attn.k_proj', 'model.layers.1.self_attn.v_proj']",True,0.16093380749225616,,cached_selected_concat,16,48,0.9300155764400732,1.0373374428124,5.140543729229205,"['q_proj', 'k_proj', 'v_proj']",0.41054541249962995
12,64,32,16,1024,0.07427494999987516,0.08284612500020216,0,0.41054541249962995,1,48,Qwen/Qwen3-0.6B,3,"['model.layers.1.self_attn.q_proj', 'model.layers.1.self_attn.k_proj', 'model.layers.1.self_attn.v_proj']",True,0.16093380749225616,,triton_separate_selected,16,48,0.18091774439189992,0.20179527642457054,1.0,"['q_proj', 'k_proj', 'v_proj']",0.41054541249962995
12,64,32,16,1024,0.07427494999987516,0.08284612500020216,0,0.06103312499945446,1,48,Qwen/Qwen3-0.6B,3,"['model.layers.1.self_attn.q_proj', 'model.layers.1.self_attn.k_proj', 'model.layers.1.self_attn.v_proj']",True,0.16093380749225616,0.0,triton_fused_selected,16,48,1.216961281280273,1.357396086157192,6.726599899698723,"['q_proj', 'k_proj', 'v_proj']",0.41054541249962995
12,64,32,16,1024,0.07427494999987516,0.02098831250023636,0,0.07427494999987516,1,192,Qwen/Qwen3-0.6B,3,"['model.layers.1.self_attn.q_proj', 'model.layers.1.self_attn.k_proj', 'model.layers.1.self_attn.v_proj']",True,0.0,,dense_full_concat,64,192,1.0,0.2825759223031673,2.0597585390539455,"['q_proj', 'k_proj', 'v_proj']",0.15298846250004772
12,64,32,16,1024,0.07427494999987516,0.02098831250023636,0,0.02098831250023636,1,192,Qwen/Qwen3-0.6B,3,"['model.layers.1.self_attn.q_proj', 'model.layers.1.self_attn.k_proj', 'model.layers.1.self_attn.v_proj']",True,0.0,,dense_selected_concat,64,192,3.538871931654282,1.0,7.289221679843238,"['q_proj', 'k_proj', 'v_proj']",0.15298846250004772
12,64,32,16,1024,0.07427494999987516,0.02098831250023636,0,0.01904698750010425,1,192,Qwen/Qwen3-0.6B,3,"['model.layers.1.self_attn.q_proj', 'model.layers.1.self_attn.k_proj', 'model.layers.1.self_attn.v_proj']",True,0.1625179797410965,,cached_selected_concat,64,192,3.8995641698966113,1.10192294188892,8.032160597533355,"['q_proj', 'k_proj', 'v_proj']",0.15298846250004772
12,64,32,16,1024,0.07427494999987516,0.02098831250023636,0,0.15298846250004772,1,192,Qwen/Qwen3-0.6B,3,"['model.layers.1.self_attn.q_proj', 'model.layers.1.self_attn.k_proj', 'model.layers.1.self_attn.v_proj']",True,0.1625300794839859,,triton_separate_selected,64,192,0.48549379989913943,0.13718885827896868,1.0,"['q_proj', 'k_proj', 'v_proj']",0.15298846250004772
12,64,32,16,1024,0.07427494999987516,0.02098831250023636,0,0.062274862499833716,1,192,Qwen/Qwen3-0.6B,3,"['model.layers.1.self_attn.q_proj', 'model.layers.1.self_attn.k_proj', 'model.layers.1.self_attn.v_proj']",True,0.1625300794839859,0.0,triton_fused_selected,64,192,1.1926955278315305,0.3370270388038577,2.4566647979424476,"['q_proj', 'k_proj', 'v_proj']",0.15298846250004772
12,64,32,16,1024,0.07427494999987516,0.014033450000283665,0,0.07427494999987516,1,768,Qwen/Qwen3-0.6B,3,"['model.layers.1.self_attn.q_proj', 'model.layers.1.self_attn.k_proj', 'model.layers.1.self_attn.v_proj']",True,0.0,,dense_full_concat,256,768,1.0,0.18893920494469874,2.2858350964937357,"['q_proj', 'k_proj', 'v_proj']",0.16978028750003205
12,64,32,16,1024,0.07427494999987516,0.014033450000283665,0,0.014033450000283665,1,768,Qwen/Qwen3-0.6B,3,"['model.layers.1.self_attn.q_proj', 'model.layers.1.self_attn.k_proj', 'model.layers.1.self_attn.v_proj']",True,0.0,,dense_selected_concat,256,768,5.292707780223239,1.0,12.098257199519733,"['q_proj', 'k_proj', 'v_proj']",0.16978028750003205
12,64,32,16,1024,0.07427494999987516,0.014033450000283665,0,0.012864974999615697,1,768,Qwen/Qwen3-0.6B,3,"['model.layers.1.self_attn.q_proj', 'model.layers.1.self_attn.k_proj', 'model.layers.1.self_attn.v_proj']",True,0.15081030130386353,,cached_selected_concat,256,768,5.773423578521832,1.0908260607348925,13.197094242709662,"['q_proj', 'k_proj', 'v_proj']",0.16978028750003205
12,64,32,16,1024,0.07427494999987516,0.014033450000283665,0,0.16978028750003205,1,768,Qwen/Qwen3-0.6B,3,"['model.layers.1.self_attn.q_proj', 'model.layers.1.self_attn.k_proj', 'model.layers.1.self_attn.v_proj']",True,0.15081028640270233,,triton_separate_selected,256,768,0.43747687728389045,0.0826565333757078,1.0,"['q_proj', 'k_proj', 'v_proj']",0.16978028750003205
12,64,32,16,1024,0.07427494999987516,0.014033450000283665,0,0.06925866250000468,1,768,Qwen/Qwen3-0.6B,3,"['model.layers.1.self_attn.q_proj', 'model.layers.1.self_attn.k_proj', 'model.layers.1.self_attn.v_proj']",True,0.15081028640270233,0.0,triton_fused_selected,256,768,1.072428304544145,0.20262375122076198,2.451394257000279,"['q_proj', 'k_proj', 'v_proj']",0.16978028750003205
64,64,32,16,1024,0.018912987500385725,0.03775458750041594,0,0.018912987500385725,1,48,Qwen/Qwen3-0.6B,3,"['model.layers.1.self_attn.q_proj', 'model.layers.1.self_attn.k_proj', 'model.layers.1.self_attn.v_proj']",True,0.0,,dense_full_concat,16,48,1.0,1.9962254773153074,9.610708646441962,"['q_proj', 'k_proj', 'v_proj']",0.18176721250000583
64,64,32,16,1024,0.018912987500385725,0.03775458750041594,0,0.03775458750041594,1,48,Qwen/Qwen3-0.6B,3,"['model.layers.1.self_attn.q_proj', 'model.layers.1.self_attn.k_proj', 'model.layers.1.self_attn.v_proj']",True,0.0,,dense_selected_concat,16,48,0.5009454149161969,1.0,4.81444043053055,"['q_proj', 'k_proj', 'v_proj']",0.18176721250000583
64,64,32,16,1024,0.018912987500385725,0.03775458750041594,0,0.041969600000157925,1,48,Qwen/Qwen3-0.6B,3,"['model.layers.1.self_attn.q_proj', 'model.layers.1.self_attn.k_proj', 'model.layers.1.self_attn.v_proj']",True,0.1667211353778839,,cached_selected_concat,16,48,0.4506354003925355,0.8995698672437639,4.330925538945376,"['q_proj', 'k_proj', 'v_proj']",0.18176721250000583
64,64,32,16,1024,0.018912987500385725,0.03775458750041594,0,0.18176721250000583,1,48,Qwen/Qwen3-0.6B,3,"['model.layers.1.self_attn.q_proj', 'model.layers.1.self_attn.k_proj', 'model.layers.1.self_attn.v_proj']",True,0.1667281836271286,,triton_separate_selected,16,48,0.10405059988684769,0.2077084584240666,1.0,"['q_proj', 'k_proj', 'v_proj']",0.18176721250000583
64,64,32,16,1024,0.018912987500385725,0.03775458750041594,0,0.07790158750040632,1,48,Qwen/Qwen3-0.6B,3,"['model.layers.1.self_attn.q_proj', 'model.layers.1.self_attn.k_proj', 'model.layers.1.self_attn.v_proj']",True,0.1667281836271286,0.0,triton_fused_selected,16,48,0.24278051458562483,0.4846446486115449,2.333292790715693,"['q_proj', 'k_proj', 'v_proj']",0.18176721250000583
64,64,32,16,1024,0.018912987500385725,0.026921487499720342,0,0.018912987500385725,1,192,Qwen/Qwen3-0.6B,3,"['model.layers.1.self_attn.q_proj', 'model.layers.1.self_attn.k_proj', 'model.layers.1.self_attn.v_proj']",True,0.0,,dense_full_concat,64,192,1.0,1.4234391842733087,8.17696701788516,"['q_proj', 'k_proj', 'v_proj']",0.15465087500032837
64,64,32,16,1024,0.018912987500385725,0.026921487499720342,0,0.026921487499720342,1,192,Qwen/Qwen3-0.6B,3,"['model.layers.1.self_attn.q_proj', 'model.layers.1.self_attn.k_proj', 'model.layers.1.self_attn.v_proj']",True,0.0,,dense_selected_concat,64,192,0.7025238668770509,1.0,5.744514488730791,"['q_proj', 'k_proj', 'v_proj']",0.15465087500032837
64,64,32,16,1024,0.018912987500385725,0.026921487499720342,0,0.02162727500021333,1,192,Qwen/Qwen3-0.6B,3,"['model.layers.1.self_attn.q_proj', 'model.layers.1.self_attn.k_proj', 'model.layers.1.self_attn.v_proj']",True,0.15357793867588043,,cached_selected_concat,64,192,0.874497018241973,1.244793322295795,7.150733275403531,"['q_proj', 'k_proj', 'v_proj']",0.15465087500032837
64,64,32,16,1024,0.018912987500385725,0.026921487499720342,0,0.15465087500032837,1,192,Qwen/Qwen3-0.6B,3,"['model.layers.1.self_attn.q_proj', 'model.layers.1.self_attn.k_proj', 'model.layers.1.self_attn.v_proj']",True,0.15358386933803558,,triton_separate_selected,64,192,0.12229473321987715,0.17407911529542383,1.0,"['q_proj', 'k_proj', 'v_proj']",0.15465087500032837
64,64,32,16,1024,0.018912987500385725,0.026921487499720342,0,0.06363531250030974,1,192,Qwen/Qwen3-0.6B,3,"['model.layers.1.self_attn.q_proj', 'model.layers.1.self_attn.k_proj', 'model.layers.1.self_attn.v_proj']",True,0.15358386933803558,0.0,triton_fused_selected,64,192,0.2972089985461086,0.4230589344491599,2.4302681785302087,"['q_proj', 'k_proj', 'v_proj']",0.15465087500032837
64,64,32,16,1024,0.018912987500385725,0.017442187499483452,0,0.018912987500385725,1,768,Qwen/Qwen3-0.6B,3,"['model.layers.1.self_attn.q_proj', 'model.layers.1.self_attn.k_proj', 'model.layers.1.self_attn.v_proj']",True,0.0,,dense_full_concat,256,768,1.0,0.9222333330008136,10.069733165961454,"['q_proj', 'k_proj', 'v_proj']",0.19044873750004854
64,64,32,16,1024,0.018912987500385725,0.017442187499483452,0,0.017442187499483452,1,768,Qwen/Qwen3-0.6B,3,"['model.layers.1.self_attn.q_proj', 'model.layers.1.self_attn.k_proj', 'model.layers.1.self_attn.v_proj']",True,0.0,,dense_selected_concat,256,768,1.0843242856405384,1.0,10.918856221771991,"['q_proj', 'k_proj', 'v_proj']",0.19044873750004854
64,64,32,16,1024,0.018912987500385725,0.017442187499483452,0,0.01651003749998381,1,768,Qwen/Qwen3-0.6B,3,"['model.layers.1.self_attn.q_proj', 'model.layers.1.self_attn.k_proj', 'model.layers.1.self_attn.v_proj']",True,0.15221205353736877,,cached_selected_concat,256,768,1.1455447936083896,1.0564595931111942,11.535330401292867,"['q_proj', 'k_proj', 'v_proj']",0.19044873750004854
64,64,32,16,1024,0.018912987500385725,0.017442187499483452,0,0.19044873750004854,1,768,Qwen/Qwen3-0.6B,3,"['model.layers.1.self_attn.q_proj', 'model.layers.1.self_attn.k_proj', 'model.layers.1.self_attn.v_proj']",True,0.152211993932724,,triton_separate_selected,256,768,0.09930749738039563,0.09158468430109182,1.0,"['q_proj', 'k_proj', 'v_proj']",0.19044873750004854
64,64,32,16,1024,0.018912987500385725,0.017442187499483452,0,0.064881312499665,1,768,Qwen/Qwen3-0.6B,3,"['model.layers.1.self_attn.q_proj', 'model.layers.1.self_attn.k_proj', 'model.layers.1.self_attn.v_proj']",True,0.152211993932724,0.0,triton_fused_selected,256,768,0.29150130864697565,0.2688322234475992,2.9353403956036166,"['q_proj', 'k_proj', 'v_proj']",0.19044873750004854
1,64,32,16,1024,0.0371970125002008,0.013771949999608069,0,0.0371970125002008,7,48,Qwen/Qwen3-0.6B,3,"['model.layers.7.self_attn.q_proj', 'model.layers.7.self_attn.k_proj', 'model.layers.7.self_attn.v_proj']",True,0.0,,dense_full_concat,16,48,1.0,0.3702434435973514,4.189361645620913,"['q_proj', 'k_proj', 'v_proj']",0.15583173750002288
1,64,32,16,1024,0.0371970125002008,0.013771949999608069,0,0.013771949999608069,7,48,Qwen/Qwen3-0.6B,3,"['model.layers.7.self_attn.q_proj', 'model.layers.7.self_attn.k_proj', 'model.layers.7.self_attn.v_proj']",True,0.0,,dense_selected_concat,16,48,2.7009256133851327,1.0,11.315154172390812,"['q_proj', 'k_proj', 'v_proj']",0.15583173750002288
1,64,32,16,1024,0.0371970125002008,0.013771949999608069,0,0.012315549999897257,7,48,Qwen/Qwen3-0.6B,3,"['model.layers.7.self_attn.q_proj', 'model.layers.7.self_attn.k_proj', 'model.layers.7.self_attn.v_proj']",True,0.14172686636447906,,cached_selected_concat,16,48,3.020328974386943,1.1182570002738783,12.653250362454207,"['q_proj', 'k_proj', 'v_proj']",0.15583173750002288
1,64,32,16,1024,0.0371970125002008,0.013771949999608069,0,0.15583173750002288,7,48,Qwen/Qwen3-0.6B,3,"['model.layers.7.self_attn.q_proj', 'model.layers.7.self_attn.k_proj', 'model.layers.7.self_attn.v_proj']",True,0.14172686636447906,,triton_separate_selected,16,48,0.23869985085801496,0.08837705476784564,1.0,"['q_proj', 'k_proj', 'v_proj']",0.15583173750002288
1,64,32,16,1024,0.0371970125002008,0.013771949999608069,0,0.059953312500482525,7,48,Qwen/Qwen3-0.6B,3,"['model.layers.7.self_attn.q_proj', 'model.layers.7.self_attn.k_proj', 'model.layers.7.self_attn.v_proj']",True,0.14172686636447906,0.0,triton_fused_selected,16,48,0.6204329827463899,0.22971124405339952,2.5992181415959075,"['q_proj', 'k_proj', 'v_proj']",0.15583173750002288
1,64,32,16,1024,0.0371970125002008,0.01503925000037043,0,0.0371970125002008,7,192,Qwen/Qwen3-0.6B,3,"['model.layers.7.self_attn.q_proj', 'model.layers.7.self_attn.k_proj', 'model.layers.7.self_attn.v_proj']",True,0.0,,dense_full_concat,64,192,1.0,0.4043133840463463,4.137174994874306,"['q_proj', 'k_proj', 'v_proj']",0.15389054999985774
1,64,32,16,1024,0.0371970125002008,0.01503925000037043,0,0.01503925000037043,7,192,Qwen/Qwen3-0.6B,3,"['model.layers.7.self_attn.q_proj', 'model.layers.7.self_attn.k_proj', 'model.layers.7.self_attn.v_proj']",True,0.0,,dense_selected_concat,64,192,2.473328955851163,1.0,10.232594710246008,"['q_proj', 'k_proj', 'v_proj']",0.15389054999985774
1,64,32,16,1024,0.0371970125002008,0.01503925000037043,0,0.01205006249946905,7,192,Qwen/Qwen3-0.6B,3,"['model.layers.7.self_attn.q_proj', 'model.layers.7.self_attn.k_proj', 'model.layers.7.self_attn.v_proj']",True,0.1668887883424759,,cached_selected_concat,64,192,3.0868729935500148,1.2480640661434819,12.770933761267916,"['q_proj', 'k_proj', 'v_proj']",0.15389054999985774
1,64,32,16,1024,0.0371970125002008,0.01503925000037043,0,0.15389054999985774,7,192,Qwen/Qwen3-0.6B,3,"['model.layers.7.self_attn.q_proj', 'model.layers.7.self_attn.k_proj', 'model.layers.7.self_attn.v_proj']",True,0.1668887883424759,,triton_separate_selected,64,192,0.24171082954889164,0.09772692345556197,1.0,"['q_proj', 'k_proj', 'v_proj']",0.15389054999985774
1,64,32,16,1024,0.0371970125002008,0.01503925000037043,0,0.05959890000042378,7,192,Qwen/Qwen3-0.6B,3,"['model.layers.7.self_attn.q_proj', 'model.layers.7.self_attn.k_proj', 'model.layers.7.self_attn.v_proj']",True,0.1668887883424759,0.0,triton_fused_selected,64,192,0.6241224670243294,0.2523410667019608,2.5821038643123195,"['q_proj', 'k_proj', 'v_proj']",0.15389054999985774
1,64,32,16,1024,0.0371970125002008,0.01579067500045994,0,0.0371970125002008,7,768,Qwen/Qwen3-0.6B,3,"['model.layers.7.self_attn.q_proj', 'model.layers.7.self_attn.k_proj', 'model.layers.7.self_attn.v_proj']",True,0.0,,dense_full_concat,256,768,1.0,0.4245146031653671,5.065531472419296,"['q_proj', 'k_proj', 'v_proj']",0.18842263749974109
1,64,32,16,1024,0.0371970125002008,0.01579067500045994,0,0.01579067500045994,7,768,Qwen/Qwen3-0.6B,3,"['model.layers.7.self_attn.q_proj', 'model.layers.7.self_attn.k_proj', 'model.layers.7.self_attn.v_proj']",True,0.0,,dense_selected_concat,256,768,2.355631567309019,1.0,11.932525841628228,"['q_proj', 'k_proj', 'v_proj']",0.18842263749974109
1,64,32,16,1024,0.0371970125002008,0.01579067500045994,0,0.01583387499977107,7,768,Qwen/Qwen3-0.6B,3,"['model.layers.7.self_attn.q_proj', 'model.layers.7.self_attn.k_proj', 'model.layers.7.self_attn.v_proj']",True,0.14911550283432007,,cached_selected_concat,256,768,2.3492046325197466,0.9972716723283623,11.899970001181982,"['q_proj', 'k_proj', 'v_proj']",0.18842263749974109
1,64,32,16,1024,0.0371970125002008,0.01579067500045994,0,0.18842263749974109,7,768,Qwen/Qwen3-0.6B,3,"['model.layers.7.self_attn.q_proj', 'model.layers.7.self_attn.k_proj', 'model.layers.7.self_attn.v_proj']",True,0.1491147130727768,,triton_separate_selected,256,768,0.19741265165260152,0.08380455347612699,1.0,"['q_proj', 'k_proj', 'v_proj']",0.18842263749974109
1,64,32,16,1024,0.0371970125002008,0.01579067500045994,0,0.07301968749970911,7,768,Qwen/Qwen3-0.6B,3,"['model.layers.7.self_attn.q_proj', 'model.layers.7.self_attn.k_proj', 'model.layers.7.self_attn.v_proj']",True,0.1491147130727768,0.0,triton_fused_selected,256,768,0.5094107325555041,0.21625229497897874,2.5804360981480743,"['q_proj', 'k_proj', 'v_proj']",0.18842263749974109
12,64,32,16,1024,0.017165162500276665,0.018377600000007988,0,0.017165162500276665,7,48,Qwen/Qwen3-0.6B,3,"['model.layers.7.self_attn.q_proj', 'model.layers.7.self_attn.k_proj', 'model.layers.7.self_attn.v_proj']",True,0.0,,dense_full_concat,16,48,1.0,1.0706336161811332,11.275278489005707,"['q_proj', 'k_proj', 'v_proj']",0.1935419874996569
12,64,32,16,1024,0.017165162500276665,0.018377600000007988,0,0.018377600000007988,7,48,Qwen/Qwen3-0.6B,3,"['model.layers.7.self_attn.q_proj', 'model.layers.7.self_attn.k_proj', 'model.layers.7.self_attn.v_proj']",True,0.0,,dense_selected_concat,16,48,0.9340263418655975,1.0,10.531407120601862,"['q_proj', 'k_proj', 'v_proj']",0.1935419874996569
12,64,32,16,1024,0.017165162500276665,0.018377600000007988,0,0.015770625000044447,7,48,Qwen/Qwen3-0.6B,3,"['model.layers.7.self_attn.q_proj', 'model.layers.7.self_attn.k_proj', 'model.layers.7.self_attn.v_proj']",True,0.15178191661834717,,cached_selected_concat,16,48,1.0884262672042666,1.1653057504034363,12.272309277477046,"['q_proj', 'k_proj', 'v_proj']",0.1935419874996569
12,64,32,16,1024,0.017165162500276665,0.018377600000007988,0,0.1935419874996569,7,48,Qwen/Qwen3-0.6B,3,"['model.layers.7.self_attn.q_proj', 'model.layers.7.self_attn.k_proj', 'model.layers.7.self_attn.v_proj']",True,0.15178191661834717,,triton_separate_selected,16,48,0.08868960540310197,0.09495407295040083,1.0,"['q_proj', 'k_proj', 'v_proj']",0.1935419874996569
12,64,32,16,1024,0.017165162500276665,0.018377600000007988,0,0.08750612499994759,7,48,Qwen/Qwen3-0.6B,3,"['model.layers.7.self_attn.q_proj', 'model.layers.7.self_attn.k_proj', 'model.layers.7.self_attn.v_proj']",True,0.15178191661834717,0.0,triton_fused_selected,16,48,0.1961595545487467,0.21001501323500493,2.211753605816425,"['q_proj', 'k_proj', 'v_proj']",0.1935419874996569
12,64,32,16,1024,0.017165162500276665,0.0339234125000587,0,0.017165162500276665,7,192,Qwen/Qwen3-0.6B,3,"['model.layers.7.self_attn.q_proj', 'model.layers.7.self_attn.k_proj', 'model.layers.7.self_attn.v_proj']",True,0.0,,dense_full_concat,64,192,1.0,1.9762942820676432,11.049035364319934,"['q_proj', 'k_proj', 'v_proj']",0.18965848749985526
12,64,32,16,1024,0.017165162500276665,0.0339234125000587,0,0.0339234125000587,7,192,Qwen/Qwen3-0.6B,3,"['model.layers.7.self_attn.q_proj', 'model.layers.7.self_attn.k_proj', 'model.layers.7.self_attn.v_proj']",True,0.0,,dense_selected_concat,64,192,0.5059975172087113,1.0,5.590784461897136,"['q_proj', 'k_proj', 'v_proj']",0.18965848749985526
12,64,32,16,1024,0.017165162500276665,0.0339234125000587,0,0.03884352500023169,7,192,Qwen/Qwen3-0.6B,3,"['model.layers.7.self_attn.q_proj', 'model.layers.7.self_attn.k_proj', 'model.layers.7.self_attn.v_proj']",True,0.15042340755462646,,cached_selected_concat,64,192,0.4419053754821242,0.873335066780277,4.8826281213850695,"['q_proj', 'k_proj', 'v_proj']",0.18965848749985526
12,64,32,16,1024,0.017165162500276665,0.0339234125000587,0,0.18965848749985526,7,192,Qwen/Qwen3-0.6B,3,"['model.layers.7.self_attn.q_proj', 'model.layers.7.self_attn.k_proj', 'model.layers.7.self_attn.v_proj']",True,0.150430828332901,,triton_separate_selected,64,192,0.09050563845865198,0.17886577578071527,1.0,"['q_proj', 'k_proj', 'v_proj']",0.18965848749985526
12,64,32,16,1024,0.017165162500276665,0.0339234125000587,0,0.06959578750027617,7,192,Qwen/Qwen3-0.6B,3,"['model.layers.7.self_attn.q_proj', 'model.layers.7.self_attn.k_proj', 'model.layers.7.self_attn.v_proj']",True,0.150430828332901,0.0,triton_fused_selected,64,192,0.24664082578573523,0.48743485372479023,2.7251432063916603,"['q_proj', 'k_proj', 'v_proj']",0.18965848749985526
12,64,32,16,1024,0.017165162500276665,0.017010362500258225,0,0.017165162500276665,7,768,Qwen/Qwen3-0.6B,3,"['model.layers.7.self_attn.q_proj', 'model.layers.7.self_attn.k_proj', 'model.layers.7.self_attn.v_proj']",True,0.0,,dense_full_concat,256,768,1.0,0.9909817340781979,11.855747797129071,"['q_proj', 'k_proj', 'v_proj']",0.2035058375000176
12,64,32,16,1024,0.017165162500276665,0.017010362500258225,0,0.017010362500258225,7,768,Qwen/Qwen3-0.6B,3,"['model.layers.7.self_attn.q_proj', 'model.layers.7.self_attn.k_proj', 'model.layers.7.self_attn.v_proj']",True,0.0,,dense_selected_concat,256,768,1.009100335164291,1.0,11.963639075706253,"['q_proj', 'k_proj', 'v_proj']",0.2035058375000176
12,64,32,16,1024,0.017165162500276665,0.017010362500258225,0,0.014080674999661369,7,768,Qwen/Qwen3-0.6B,3,"['model.layers.7.self_attn.q_proj', 'model.layers.7.self_attn.k_proj', 'model.layers.7.self_attn.v_proj']",True,0.15597917139530182,,cached_selected_concat,256,768,1.2190582128122036,1.2080644216749064,14.452846721120386,"['q_proj', 'k_proj', 'v_proj']",0.2035058375000176
12,64,32,16,1024,0.017165162500276665,0.017010362500258225,0,0.2035058375000176,7,768,Qwen/Qwen3-0.6B,3,"['model.layers.7.self_attn.q_proj', 'model.layers.7.self_attn.k_proj', 'model.layers.7.self_attn.v_proj']",True,0.15597912669181824,,triton_separate_selected,256,768,0.08434727333202509,0.08358660719133795,1.0,"['q_proj', 'k_proj', 'v_proj']",0.2035058375000176
12,64,32,16,1024,0.017165162500276665,0.017010362500258225,0,0.08550593749987456,7,768,Qwen/Qwen3-0.6B,3,"['model.layers.7.self_attn.q_proj', 'model.layers.7.self_attn.k_proj', 'model.layers.7.self_attn.v_proj']",True,0.15597912669181824,0.0,triton_fused_selected,256,768,0.20074819365967242,0.19893779306592807,2.3800199547583016,"['q_proj', 'k_proj', 'v_proj']",0.2035058375000176
64,64,32,16,1024,0.018364312499841162,0.024986162500084674,0,0.018364312499841162,7,48,Qwen/Qwen3-0.6B,3,"['model.layers.7.self_attn.q_proj', 'model.layers.7.self_attn.k_proj', 'model.layers.7.self_attn.v_proj']",True,0.0,,dense_full_concat,16,48,1.0,1.3605825156972682,10.73270575752576,"['q_proj', 'k_proj', 'v_proj']",0.19709876250004754
64,64,32,16,1024,0.018364312499841162,0.024986162500084674,0,0.024986162500084674,7,48,Qwen/Qwen3-0.6B,3,"['model.layers.7.self_attn.q_proj', 'model.layers.7.self_attn.k_proj', 'model.layers.7.self_attn.v_proj']",True,0.0,,dense_selected_concat,16,48,0.7349793110398176,1.0,7.888316683259368,"['q_proj', 'k_proj', 'v_proj']",0.19709876250004754
64,64,32,16,1024,0.018364312499841162,0.024986162500084674,0,0.02190955000003214,7,48,Qwen/Qwen3-0.6B,3,"['model.layers.7.self_attn.q_proj', 'model.layers.7.self_attn.k_proj', 'model.layers.7.self_attn.v_proj']",True,0.1487380415201187,,cached_selected_concat,16,48,0.8381875711648218,1.1404233542016162,8.996020570927216,"['q_proj', 'k_proj', 'v_proj']",0.19709876250004754
64,64,32,16,1024,0.018364312499841162,0.024986162500084674,0,0.19709876250004754,7,48,Qwen/Qwen3-0.6B,3,"['model.layers.7.self_attn.q_proj', 'model.layers.7.self_attn.k_proj', 'model.layers.7.self_attn.v_proj']",True,0.14874006807804108,,triton_separate_selected,16,48,0.09317314967838386,0.12676975838485363,1.0,"['q_proj', 'k_proj', 'v_proj']",0.19709876250004754
64,64,32,16,1024,0.018364312499841162,0.024986162500084674,0,0.0677641750002067,7,48,Qwen/Qwen3-0.6B,3,"['model.layers.7.self_attn.q_proj', 'model.layers.7.self_attn.k_proj', 'model.layers.7.self_attn.v_proj']",True,0.14874006807804108,0.0,triton_fused_selected,16,48,0.27100326241388084,0.3687223005372449,2.9085982748177237,"['q_proj', 'k_proj', 'v_proj']",0.19709876250004754
64,64,32,16,1024,0.018364312499841162,0.0255104124995853,0,0.018364312499841162,7,192,Qwen/Qwen3-0.6B,3,"['model.layers.7.self_attn.q_proj', 'model.layers.7.self_attn.k_proj', 'model.layers.7.self_attn.v_proj']",True,0.0,,dense_full_concat,64,192,1.0,1.3891297319083382,10.631433929362249,"['q_proj', 'k_proj', 'v_proj']",0.19523897500022258
64,64,32,16,1024,0.018364312499841162,0.0255104124995853,0,0.0255104124995853,7,192,Qwen/Qwen3-0.6B,3,"['model.layers.7.self_attn.q_proj', 'model.layers.7.self_attn.k_proj', 'model.layers.7.self_attn.v_proj']",True,0.0,,dense_selected_concat,64,192,0.7198751686253484,1.0,7.6533052926288985,"['q_proj', 'k_proj', 'v_proj']",0.19523897500022258
64,64,32,16,1024,0.018364312499841162,0.0255104124995853,0,0.020838649999888048,7,192,Qwen/Qwen3-0.6B,3,"['model.layers.7.self_attn.q_proj', 'model.layers.7.self_attn.k_proj', 'model.layers.7.self_attn.v_proj']",True,0.15472666919231415,,cached_selected_concat,64,192,0.8812621019087044,1.2241873873654172,9.369079810893291,"['q_proj', 'k_proj', 'v_proj']",0.19523897500022258
64,64,32,16,1024,0.018364312499841162,0.0255104124995853,0,0.19523897500022258,7,192,Qwen/Qwen3-0.6B,3,"['model.layers.7.self_attn.q_proj', 'model.layers.7.self_attn.k_proj', 'model.layers.7.self_attn.v_proj']",True,0.15472237765789032,,triton_separate_selected,64,192,0.09406068895731616,0.1306624996343902,1.0,"['q_proj', 'k_proj', 'v_proj']",0.19523897500022258
64,64,32,16,1024,0.018364312499841162,0.0255104124995853,0,0.07475046250036144,7,192,Qwen/Qwen3-0.6B,3,"['model.layers.7.self_attn.q_proj', 'model.layers.7.self_attn.k_proj', 'model.layers.7.self_attn.v_proj']",True,0.15472237765789032,0.0,triton_fused_selected,64,192,0.24567490133927086,0.3412743098340288,2.611876481691047,"['q_proj', 'k_proj', 'v_proj']",0.19523897500022258
64,64,32,16,1024,0.018364312499841162,0.01884022499964999,0,0.018364312499841162,7,768,Qwen/Qwen3-0.6B,3,"['model.layers.7.self_attn.q_proj', 'model.layers.7.self_attn.k_proj', 'model.layers.7.self_attn.v_proj']",True,0.0,,dense_full_concat,256,768,1.0,1.0259150730425082,11.192698474379267,"['q_proj', 'k_proj', 'v_proj']",0.20554621249999627
64,64,32,16,1024,0.018364312499841162,0.01884022499964999,0,0.01884022499964999,7,768,Qwen/Qwen3-0.6B,3,"['model.layers.7.self_attn.q_proj', 'model.layers.7.self_attn.k_proj', 'model.layers.7.self_attn.v_proj']",True,0.0,,dense_selected_concat,256,768,0.974739553279344,1.0,10.909965910906843,"['q_proj', 'k_proj', 'v_proj']",0.20554621249999627
64,64,32,16,1024,0.018364312499841162,0.01884022499964999,0,0.016398837500020136,7,768,Qwen/Qwen3-0.6B,3,"['model.layers.7.self_attn.q_proj', 'model.layers.7.self_attn.k_proj', 'model.layers.7.self_attn.v_proj']",True,0.15499383211135864,,cached_selected_concat,256,768,1.1198545323605171,1.1488756443636237,12.534194115878268,"['q_proj', 'k_proj', 'v_proj']",0.20554621249999627
64,64,32,16,1024,0.018364312499841162,0.01884022499964999,0,0.20554621249999627,7,768,Qwen/Qwen3-0.6B,3,"['model.layers.7.self_attn.q_proj', 'model.layers.7.self_attn.k_proj', 'model.layers.7.self_attn.v_proj']",True,0.15499380230903625,,triton_separate_selected,256,768,0.08934395957231027,0.09165931481053358,1.0,"['q_proj', 'k_proj', 'v_proj']",0.20554621249999627
64,64,32,16,1024,0.018364312499841162,0.01884022499964999,0,0.08004017499985139,7,768,Qwen/Qwen3-0.6B,3,"['model.layers.7.self_attn.q_proj', 'model.layers.7.self_attn.k_proj', 'model.layers.7.self_attn.v_proj']",True,0.15499380230903625,0.0,triton_fused_selected,256,768,0.22943868500881287,0.23538460528959326,2.568038019661725,"['q_proj', 'k_proj', 'v_proj']",0.20554621249999627
1,64,32,16,1024,0.02821693749979204,0.015404812499753007,0,0.02821693749979204,13,48,Qwen/Qwen3-0.6B,3,"['model.layers.13.self_attn.q_proj', 'model.layers.13.self_attn.k_proj', 'model.layers.13.self_attn.v_proj']",True,0.0,,dense_full_concat,16,48,1.0,0.5459420427842866,6.262265793417519,"['q_proj', 'k_proj', 'v_proj']",0.17670196249994774
1,64,32,16,1024,0.02821693749979204,0.015404812499753007,0,0.015404812499753007,13,48,Qwen/Qwen3-0.6B,3,"['model.layers.13.self_attn.q_proj', 'model.layers.13.self_attn.k_proj', 'model.layers.13.self_attn.v_proj']",True,0.0,,dense_selected_concat,16,48,1.8316962637646161,1.0,11.47056885650383,"['q_proj', 'k_proj', 'v_proj']",0.17670196249994774
1,64,32,16,1024,0.02821693749979204,0.015404812499753007,0,0.011326049999382803,13,48,Qwen/Qwen3-0.6B,3,"['model.layers.13.self_attn.q_proj', 'model.layers.13.self_attn.k_proj', 'model.layers.13.self_attn.v_proj']",True,0.1380080133676529,,cached_selected_concat,16,48,2.491330825956947,1.3601222403743998,15.601375811476805,"['q_proj', 'k_proj', 'v_proj']",0.17670196249994774
1,64,32,16,1024,0.02821693749979204,0.015404812499753007,0,0.17670196249994774,13,48,Qwen/Qwen3-0.6B,3,"['model.layers.13.self_attn.q_proj', 'model.layers.13.self_attn.k_proj', 'model.layers.13.self_attn.v_proj']",True,0.1380080133676529,,triton_separate_selected,16,48,0.15968661072341164,0.08717963446363852,1.0,"['q_proj', 'k_proj', 'v_proj']",0.17670196249994774
1,64,32,16,1024,0.02821693749979204,0.015404812499753007,0,0.08524745000002554,13,48,Qwen/Qwen3-0.6B,3,"['model.layers.13.self_attn.q_proj', 'model.layers.13.self_attn.k_proj', 'model.layers.13.self_attn.v_proj']",True,0.1380080133676529,0.0,triton_fused_selected,16,48,0.3310003700965083,0.18070701821284263,2.072812295263903,"['q_proj', 'k_proj', 'v_proj']",0.17670196249994774
1,64,32,16,1024,0.02821693749979204,0.020245524999751296,0,0.02821693749979204,13,192,Qwen/Qwen3-0.6B,3,"['model.layers.13.self_attn.q_proj', 'model.layers.13.self_attn.k_proj', 'model.layers.13.self_attn.v_proj']",True,0.0,,dense_full_concat,64,192,1.0,0.7174954758963658,7.50068332190338,"['q_proj', 'k_proj', 'v_proj']",0.2116463124998802
1,64,32,16,1024,0.02821693749979204,0.020245524999751296,0,0.020245524999751296,13,192,Qwen/Qwen3-0.6B,3,"['model.layers.13.self_attn.q_proj', 'model.layers.13.self_attn.k_proj', 'model.layers.13.self_attn.v_proj']",True,0.0,,dense_selected_concat,64,192,1.3937370110253335,1.0,10.453979953717186,"['q_proj', 'k_proj', 'v_proj']",0.2116463124998802
1,64,32,16,1024,0.02821693749979204,0.020245524999751296,0,0.015859175000088044,13,192,Qwen/Qwen3-0.6B,3,"['model.layers.13.self_attn.q_proj', 'model.layers.13.self_attn.k_proj', 'model.layers.13.self_attn.v_proj']",True,0.15605078637599945,,cached_selected_concat,64,192,1.7792184965255373,1.2765812218882067,13.345354502911105,"['q_proj', 'k_proj', 'v_proj']",0.2116463124998802
1,64,32,16,1024,0.02821693749979204,0.020245524999751296,0,0.2116463124998802,13,192,Qwen/Qwen3-0.6B,3,"['model.layers.13.self_attn.q_proj', 'model.layers.13.self_attn.k_proj', 'model.layers.13.self_attn.v_proj']",True,0.15605343878269196,,triton_separate_selected,64,192,0.13332118649507776,0.09565734815135396,1.0,"['q_proj', 'k_proj', 'v_proj']",0.2116463124998802
1,64,32,16,1024,0.02821693749979204,0.020245524999751296,0,0.09057622499994977,13,192,Qwen/Qwen3-0.6B,3,"['model.layers.13.self_attn.q_proj', 'model.layers.13.self_attn.k_proj', 'model.layers.13.self_attn.v_proj']",True,0.15605343878269196,0.0,triton_fused_selected,64,192,0.31152697630981735,0.22351919612196824,2.336665195530036,"['q_proj', 'k_proj', 'v_proj']",0.2116463124998802
1,64,32,16,1024,0.02821693749979204,0.019070287500255745,0,0.02821693749979204,13,768,Qwen/Qwen3-0.6B,3,"['model.layers.13.self_attn.q_proj', 'model.layers.13.self_attn.k_proj', 'model.layers.13.self_attn.v_proj']",True,0.0,,dense_full_concat,256,768,1.0,0.6758454031517876,7.319756086258151,"['q_proj', 'k_proj', 'v_proj']",0.20654109999966863
1,64,32,16,1024,0.02821693749979204,0.019070287500255745,0,0.019070287500255745,13,768,Qwen/Qwen3-0.6B,3,"['model.layers.13.self_attn.q_proj', 'model.layers.13.self_attn.k_proj', 'model.layers.13.self_attn.v_proj']",True,0.0,,dense_selected_concat,256,768,1.4796283223005229,1.0,10.830518417559189,"['q_proj', 'k_proj', 'v_proj']",0.20654109999966863
1,64,32,16,1024,0.02821693749979204,0.019070287500255745,0,0.018986999999981435,13,768,Qwen/Qwen3-0.6B,3,"['model.layers.13.self_attn.q_proj', 'model.layers.13.self_attn.k_proj', 'model.layers.13.self_attn.v_proj']",True,0.1476854532957077,,cached_selected_concat,256,768,1.4861187917954193,1.0043865539724228,10.87802707114713,"['q_proj', 'k_proj', 'v_proj']",0.20654109999966863
1,64,32,16,1024,0.02821693749979204,0.019070287500255745,0,0.20654109999966863,13,768,Qwen/Qwen3-0.6B,3,"['model.layers.13.self_attn.q_proj', 'model.layers.13.self_attn.k_proj', 'model.layers.13.self_attn.v_proj']",True,0.14768461883068085,,triton_separate_selected,256,768,0.13661657413385186,0.09233168362270919,1.0,"['q_proj', 'k_proj', 'v_proj']",0.20654109999966863
1,64,32,16,1024,0.02821693749979204,0.019070287500255745,0,0.08233015000058685,13,768,Qwen/Qwen3-0.6B,3,"['model.layers.13.self_attn.q_proj', 'model.layers.13.self_attn.k_proj', 'model.layers.13.self_attn.v_proj']",True,0.14768461883068085,0.0,triton_fused_selected,256,768,0.34272909134249,0.23163188091021103,2.5086933522919175,"['q_proj', 'k_proj', 'v_proj']",0.20654109999966863
12,64,32,16,1024,0.025659437500280546,0.02130753750009262,0,0.025659437500280546,13,48,Qwen/Qwen3-0.6B,3,"['model.layers.13.self_attn.q_proj', 'model.layers.13.self_attn.k_proj', 'model.layers.13.self_attn.v_proj']",True,0.0,,dense_full_concat,16,48,1.0,0.8303976850568004,7.403780285427178,"['q_proj', 'k_proj', 'v_proj']",0.18997683749972794
12,64,32,16,1024,0.025659437500280546,0.02130753750009262,0,0.02130753750009262,13,48,Qwen/Qwen3-0.6B,3,"['model.layers.13.self_attn.q_proj', 'model.layers.13.self_attn.k_proj', 'model.layers.13.self_attn.v_proj']",True,0.0,,dense_selected_concat,16,48,1.204242278121956,1.0,8.915945237637251,"['q_proj', 'k_proj', 'v_proj']",0.18997683749972794
12,64,32,16,1024,0.025659437500280546,0.02130753750009262,0,0.01254336250013921,13,48,Qwen/Qwen3-0.6B,3,"['model.layers.13.self_attn.q_proj', 'model.layers.13.self_attn.k_proj', 'model.layers.13.self_attn.v_proj']",True,0.17013098299503326,,cached_selected_concat,16,48,2.045658610280598,1.6987101743935205,15.145606889509851,"['q_proj', 'k_proj', 'v_proj']",0.18997683749972794
12,64,32,16,1024,0.025659437500280546,0.02130753750009262,0,0.18997683749972794,13,48,Qwen/Qwen3-0.6B,3,"['model.layers.13.self_attn.q_proj', 'model.layers.13.self_attn.k_proj', 'model.layers.13.self_attn.v_proj']",True,0.1701320856809616,,triton_separate_selected,16,48,0.13506613668267475,0.11215860723085853,1.0,"['q_proj', 'k_proj', 'v_proj']",0.18997683749972794
12,64,32,16,1024,0.025659437500280546,0.02130753750009262,0,0.08143858750031541,13,48,Qwen/Qwen3-0.6B,3,"['model.layers.13.self_attn.q_proj', 'model.layers.13.self_attn.k_proj', 'model.layers.13.self_attn.v_proj']",True,0.1701320856809616,0.0,triton_fused_selected,16,48,0.3150771432544943,0.261639330372842,2.3327619416163397,"['q_proj', 'k_proj', 'v_proj']",0.18997683749972794
12,64,32,16,1024,0.025659437500280546,0.0385624999999834,0,0.025659437500280546,13,192,Qwen/Qwen3-0.6B,3,"['model.layers.13.self_attn.q_proj', 'model.layers.13.self_attn.k_proj', 'model.layers.13.self_attn.v_proj']",True,0.0,,dense_full_concat,64,192,1.0,1.5028583537562654,6.691248590237079,"['q_proj', 'k_proj', 'v_proj']",0.17169367500002863
12,64,32,16,1024,0.025659437500280546,0.0385624999999834,0,0.0385624999999834,13,192,Qwen/Qwen3-0.6B,3,"['model.layers.13.self_attn.q_proj', 'model.layers.13.self_attn.k_proj', 'model.layers.13.self_attn.v_proj']",True,0.0,,dense_selected_concat,64,192,0.6653987034111272,1.0,4.452348136145284,"['q_proj', 'k_proj', 'v_proj']",0.17169367500002863
12,64,32,16,1024,0.025659437500280546,0.0385624999999834,0,0.03592335000064395,13,192,Qwen/Qwen3-0.6B,3,"['model.layers.13.self_attn.q_proj', 'model.layers.13.self_attn.k_proj', 'model.layers.13.self_attn.v_proj']",True,0.15589754283428192,,cached_selected_concat,64,192,0.7142829802849842,1.0734661438672102,4.779444984862239,"['q_proj', 'k_proj', 'v_proj']",0.17169367500002863
12,64,32,16,1024,0.025659437500280546,0.0385624999999834,0,0.17169367500002863,13,192,Qwen/Qwen3-0.6B,3,"['model.layers.13.self_attn.q_proj', 'model.layers.13.self_attn.k_proj', 'model.layers.13.self_attn.v_proj']",True,0.1558779925107956,,triton_separate_selected,64,192,0.14944893864189387,0.2246005858979777,1.0,"['q_proj', 'k_proj', 'v_proj']",0.17169367500002863
12,64,32,16,1024,0.025659437500280546,0.0385624999999834,0,0.07099933750041032,13,192,Qwen/Qwen3-0.6B,3,"['model.layers.13.self_attn.q_proj', 'model.layers.13.self_attn.k_proj', 'model.layers.13.self_attn.v_proj']",True,0.1558779925107956,0.0,triton_fused_selected,64,192,0.3614039004255815,0.5431388708346827,2.418243339228854,"['q_proj', 'k_proj', 'v_proj']",0.17169367500002863
12,64,32,16,1024,0.025659437500280546,0.01623038750011574,0,0.025659437500280546,13,768,Qwen/Qwen3-0.6B,3,"['model.layers.13.self_attn.q_proj', 'model.layers.13.self_attn.k_proj', 'model.layers.13.self_attn.v_proj']",True,0.0,,dense_full_concat,256,768,1.0,0.6325309157668902,8.007035910192432,"['q_proj', 'k_proj', 'v_proj']",0.20545603750008468
12,64,32,16,1024,0.025659437500280546,0.01623038750011574,0,0.01623038750011574,13,768,Qwen/Qwen3-0.6B,3,"['model.layers.13.self_attn.q_proj', 'model.layers.13.self_attn.k_proj', 'model.layers.13.self_attn.v_proj']",True,0.0,,dense_selected_concat,256,768,1.5809503932113493,1.0,12.65872657067612,"['q_proj', 'k_proj', 'v_proj']",0.20545603750008468
12,64,32,16,1024,0.025659437500280546,0.01623038750011574,0,0.014001512500527724,13,768,Qwen/Qwen3-0.6B,3,"['model.layers.13.self_attn.q_proj', 'model.layers.13.self_attn.k_proj', 'model.layers.13.self_attn.v_proj']",True,0.15634383261203766,,cached_selected_concat,256,768,1.8326189759365947,1.1591881591009547,14.673845950024395,"['q_proj', 'k_proj', 'v_proj']",0.20545603750008468
12,64,32,16,1024,0.025659437500280546,0.01623038750011574,0,0.20545603750008468,13,768,Qwen/Qwen3-0.6B,3,"['model.layers.13.self_attn.q_proj', 'model.layers.13.self_attn.k_proj', 'model.layers.13.self_attn.v_proj']",True,0.15634383261203766,,triton_separate_selected,256,768,0.1248901605058453,0.07899688759503624,1.0,"['q_proj', 'k_proj', 'v_proj']",0.20545603750008468
12,64,32,16,1024,0.025659437500280546,0.01623038750011574,0,0.07950026250043152,13,768,Qwen/Qwen3-0.6B,3,"['model.layers.13.self_attn.q_proj', 'model.layers.13.self_attn.k_proj', 'model.layers.13.self_attn.v_proj']",True,0.15634383261203766,0.0,triton_fused_selected,256,768,0.32275915441337405,0.20415514351323863,2.5843441397312303,"['q_proj', 'k_proj', 'v_proj']",0.20545603750008468
64,64,32,16,1024,0.018504324999923938,0.04014863749972619,0,0.018504324999923938,13,48,Qwen/Qwen3-0.6B,3,"['model.layers.13.self_attn.q_proj', 'model.layers.13.self_attn.k_proj', 'model.layers.13.self_attn.v_proj']",True,0.0,,dense_full_concat,16,48,1.0,2.16968938342205,12.935092876976643,"['q_proj', 'k_proj', 'v_proj']",0.23935516249977695
64,64,32,16,1024,0.018504324999923938,0.04014863749972619,0,0.04014863749972619,13,48,Qwen/Qwen3-0.6B,3,"['model.layers.13.self_attn.q_proj', 'model.layers.13.self_attn.k_proj', 'model.layers.13.self_attn.v_proj']",True,0.0,,dense_selected_concat,16,48,0.46089546625461786,1.0,5.961725662580936,"['q_proj', 'k_proj', 'v_proj']",0.23935516249977695
64,64,32,16,1024,0.018504324999923938,0.04014863749972619,0,0.032311987499866746,13,48,Qwen/Qwen3-0.6B,3,"['model.layers.13.self_attn.q_proj', 'model.layers.13.self_attn.k_proj', 'model.layers.13.self_attn.v_proj']",True,0.16190482676029205,,cached_selected_concat,16,48,0.5726767813338702,1.242530732592409,7.407627355041656,"['q_proj', 'k_proj', 'v_proj']",0.23935516249977695
64,64,32,16,1024,0.018504324999923938,0.04014863749972619,0,0.23935516249977695,13,48,Qwen/Qwen3-0.6B,3,"['model.layers.13.self_attn.q_proj', 'model.layers.13.self_attn.k_proj', 'model.layers.13.self_attn.v_proj']",True,0.1619039922952652,,triton_separate_selected,16,48,0.07730906994722198,0.16773666830672015,1.0,"['q_proj', 'k_proj', 'v_proj']",0.23935516249977695
64,64,32,16,1024,0.018504324999923938,0.04014863749972619,0,0.15013691250018724,13,48,Qwen/Qwen3-0.6B,3,"['model.layers.13.self_attn.q_proj', 'model.layers.13.self_attn.k_proj', 'model.layers.13.self_attn.v_proj']",True,0.1619039922952652,0.0,triton_fused_selected,16,48,0.12324967052923018,0.26741350165753625,1.5942459353523635,"['q_proj', 'k_proj', 'v_proj']",0.23935516249977695
64,64,32,16,1024,0.018504324999923938,0.037241737499726923,0,0.018504324999923938,13,192,Qwen/Qwen3-0.6B,3,"['model.layers.13.self_attn.q_proj', 'model.layers.13.self_attn.k_proj', 'model.layers.13.self_attn.v_proj']",True,0.0,,dense_full_concat,64,192,1.0,2.0125963794885795,10.885671998344376,"['q_proj', 'k_proj', 'v_proj']",0.2014320124999358
64,64,32,16,1024,0.018504324999923938,0.037241737499726923,0,0.037241737499726923,13,192,Qwen/Qwen3-0.6B,3,"['model.layers.13.self_attn.q_proj', 'model.layers.13.self_attn.k_proj', 'model.layers.13.self_attn.v_proj']",True,0.0,,dense_selected_concat,64,192,0.4968706145909444,1.0,5.4087705360528044,"['q_proj', 'k_proj', 'v_proj']",0.2014320124999358
64,64,32,16,1024,0.018504324999923938,0.037241737499726923,0,0.03705263750006793,13,192,Qwen/Qwen3-0.6B,3,"['model.layers.13.self_attn.q_proj', 'model.layers.13.self_attn.k_proj', 'model.layers.13.self_attn.v_proj']",True,0.1527279168367386,,cached_selected_concat,64,192,0.49940641877086384,1.005103550311598,5.436374468607437,"['q_proj', 'k_proj', 'v_proj']",0.2014320124999358
64,64,32,16,1024,0.018504324999923938,0.037241737499726923,0,0.2014320124999358,13,192,Qwen/Qwen3-0.6B,3,"['model.layers.13.self_attn.q_proj', 'model.layers.13.self_attn.k_proj', 'model.layers.13.self_attn.v_proj']",True,0.15272676944732666,,triton_separate_selected,64,192,0.09186387392088352,0.18488490005896552,1.0,"['q_proj', 'k_proj', 'v_proj']",0.2014320124999358
64,64,32,16,1024,0.018504324999923938,0.037241737499726923,0,0.09127641249975227,13,192,Qwen/Qwen3-0.6B,3,"['model.layers.13.self_attn.q_proj', 'model.layers.13.self_attn.k_proj', 'model.layers.13.self_attn.v_proj']",True,0.15272676944732666,0.0,triton_fused_selected,64,192,0.20272844312296082,0.4080105306486273,2.206835336571565,"['q_proj', 'k_proj', 'v_proj']",0.2014320124999358
64,64,32,16,1024,0.018504324999923938,0.02314339999998083,0,0.018504324999923938,13,768,Qwen/Qwen3-0.6B,3,"['model.layers.13.self_attn.q_proj', 'model.layers.13.self_attn.k_proj', 'model.layers.13.self_attn.v_proj']",True,0.0,,dense_full_concat,256,768,1.0,1.2507022007058328,9.913150033895246,"['q_proj', 'k_proj', 'v_proj']",0.18343615000020463
64,64,32,16,1024,0.018504324999923938,0.02314339999998083,0,0.02314339999998083,13,768,Qwen/Qwen3-0.6B,3,"['model.layers.13.self_attn.q_proj', 'model.layers.13.self_attn.k_proj', 'model.layers.13.self_attn.v_proj']",True,0.0,,dense_selected_concat,256,768,0.7995508438664701,1.0,7.926067474975872,"['q_proj', 'k_proj', 'v_proj']",0.18343615000020463
64,64,32,16,1024,0.018504324999923938,0.02314339999998083,0,0.019544562500328766,13,768,Qwen/Qwen3-0.6B,3,"['model.layers.13.self_attn.q_proj', 'model.layers.13.self_attn.k_proj', 'model.layers.13.self_attn.v_proj']",True,0.15440385043621063,,cached_selected_concat,256,768,0.9467761173785635,1.1841349735810933,9.385533700082515,"['q_proj', 'k_proj', 'v_proj']",0.18343615000020463
64,64,32,16,1024,0.018504324999923938,0.02314339999998083,0,0.18343615000020463,13,768,Qwen/Qwen3-0.6B,3,"['model.layers.13.self_attn.q_proj', 'model.layers.13.self_attn.k_proj', 'model.layers.13.self_attn.v_proj']",True,0.15440386533737183,,triton_separate_selected,256,768,0.10087610866180573,0.12616597110196115,1.0,"['q_proj', 'k_proj', 'v_proj']",0.18343615000020463
64,64,32,16,1024,0.018504324999923938,0.02314339999998083,0,0.06605079999957297,13,768,Qwen/Qwen3-0.6B,3,"['model.layers.13.self_attn.q_proj', 'model.layers.13.self_attn.k_proj', 'model.layers.13.self_attn.v_proj']",True,0.15440386533737183,0.0,triton_fused_selected,256,768,0.28015292774718203,0.35038788326758274,2.77719800519283,"['q_proj', 'k_proj', 'v_proj']",0.18343615000020463
1,64,32,16,1024,0.06897147499955736,0.057682125000013684,32,0.06897147499955736,20,16,Qwen/Qwen3-0.6B,3,"['model.layers.20.self_attn.q_proj', 'model.layers.20.self_attn.k_proj', 'model.layers.20.self_attn.v_proj']",True,0.0,,dense_full_concat,16,48,1.0,0.8363185650355291,2.5864991650754985,"['q_proj', 'k_proj', 'v_proj']",0.17839466250038072
1,64,32,16,1024,0.06897147499955736,0.057682125000013684,32,0.057682125000013684,20,16,Qwen/Qwen3-0.6B,3,"['model.layers.20.self_attn.q_proj', 'model.layers.20.self_attn.k_proj', 'model.layers.20.self_attn.v_proj']",True,0.0,,dense_selected_concat,16,48,1.1957166106404886,1.0,3.0927200150885286,"['q_proj', 'k_proj', 'v_proj']",0.17839466250038072
1,64,32,16,1024,0.06897147499955736,0.057682125000013684,32,0.06076035000006641,20,16,Qwen/Qwen3-0.6B,3,"['model.layers.20.self_attn.q_proj', 'model.layers.20.self_attn.k_proj', 'model.layers.20.self_attn.v_proj']",True,0.07635262608528137,,cached_selected_concat,16,48,1.1351395276604228,0.9493382608880732,2.9360374405378793,"['q_proj', 'k_proj', 'v_proj']",0.17839466250038072
1,64,32,16,1024,0.06897147499955736,0.057682125000013684,32,0.17839466250038072,20,16,Qwen/Qwen3-0.6B,3,"['model.layers.20.self_attn.q_proj', 'model.layers.20.self_attn.k_proj', 'model.layers.20.self_attn.v_proj']",True,0.07635262608528137,,triton_separate_selected,16,48,0.38662297421264025,0.3233399710032837,1.0,"['q_proj', 'k_proj', 'v_proj']",0.17839466250038072
1,64,32,16,1024,0.06897147499955736,0.057682125000013684,32,0.09617938749997279,20,16,Qwen/Qwen3-0.6B,3,"['model.layers.20.self_attn.q_proj', 'model.layers.20.self_attn.k_proj', 'model.layers.20.self_attn.v_proj']",True,0.07635262608528137,0.0,triton_fused_selected,16,48,0.7171128533083752,0.5997347924473942,1.8548117963470208,"['q_proj', 'k_proj', 'v_proj']",0.17839466250038072
1,64,32,16,1024,0.06897147499955736,0.020510275000162892,128,0.06897147499955736,20,64,Qwen/Qwen3-0.6B,3,"['model.layers.20.self_attn.q_proj', 'model.layers.20.self_attn.k_proj', 'model.layers.20.self_attn.v_proj']",True,0.0,,dense_full_concat,64,192,1.0,0.297373298168475,3.3332754591911007,"['q_proj', 'k_proj', 'v_proj']",0.22990092500023707
1,64,32,16,1024,0.06897147499955736,0.020510275000162892,128,0.020510275000162892,20,64,Qwen/Qwen3-0.6B,3,"['model.layers.20.self_attn.q_proj', 'model.layers.20.self_attn.k_proj', 'model.layers.20.self_attn.v_proj']",True,0.0,,dense_selected_concat,64,192,3.3627767057735496,1.0,11.209061068094465,"['q_proj', 'k_proj', 'v_proj']",0.22990092500023707
1,64,32,16,1024,0.06897147499955736,0.020510275000162892,128,0.018742412500216687,20,64,Qwen/Qwen3-0.6B,3,"['model.layers.20.self_attn.q_proj', 'model.layers.20.self_attn.k_proj', 'model.layers.20.self_attn.v_proj']",True,0.09554599225521088,,cached_selected_concat,64,192,3.679967826914489,1.0943241698434374,12.26634644806687,"['q_proj', 'k_proj', 'v_proj']",0.22990092500023707
1,64,32,16,1024,0.06897147499955736,0.020510275000162892,128,0.22990092500023707,20,64,Qwen/Qwen3-0.6B,3,"['model.layers.20.self_attn.q_proj', 'model.layers.20.self_attn.k_proj', 'model.layers.20.self_attn.v_proj']",True,0.09554599225521088,,triton_separate_selected,64,192,0.3000052087632368,0.0892135383976456,1.0,"['q_proj', 'k_proj', 'v_proj']",0.22990092500023707
1,64,32,16,1024,0.06897147499955736,0.020510275000162892,128,0.08433672499990053,20,64,Qwen/Qwen3-0.6B,3,"['model.layers.20.self_attn.q_proj', 'model.layers.20.self_attn.k_proj', 'model.layers.20.self_attn.v_proj']",True,0.09554599225521088,0.0,triton_fused_selected,64,192,0.8178106868584085,0.24319506122851087,2.725988292769351,"['q_proj', 'k_proj', 'v_proj']",0.22990092500023707
1,64,32,16,1024,0.06897147499955736,0.013454724999917289,512,0.06897147499955736,20,256,Qwen/Qwen3-0.6B,3,"['model.layers.20.self_attn.q_proj', 'model.layers.20.self_attn.k_proj', 'model.layers.20.self_attn.v_proj']",True,0.0,,dense_full_concat,256,768,1.0,0.1950766603150598,3.276744299021519,"['q_proj', 'k_proj', 'v_proj']",0.2260018874999048
1,64,32,16,1024,0.06897147499955736,0.013454724999917289,512,0.013454724999917289,20,256,Qwen/Qwen3-0.6B,3,"['model.layers.20.self_attn.q_proj', 'model.layers.20.self_attn.k_proj', 'model.layers.20.self_attn.v_proj']",True,0.0,,dense_selected_concat,256,768,5.12618987010001,1.0,16.797213432552066,"['q_proj', 'k_proj', 'v_proj']",0.2260018874999048
1,64,32,16,1024,0.06897147499955736,0.013454724999917289,512,0.013782725000055507,20,256,Qwen/Qwen3-0.6B,3,"['model.layers.20.self_attn.q_proj', 'model.layers.20.self_attn.k_proj', 'model.layers.20.self_attn.v_proj']",True,0.10160347074270248,,cached_selected_concat,256,768,5.0041972831410035,0.9762020935528426,16.397474918711257,"['q_proj', 'k_proj', 'v_proj']",0.2260018874999048
1,64,32,16,1024,0.06897147499955736,0.013454724999917289,512,0.2260018874999048,20,256,Qwen/Qwen3-0.6B,3,"['model.layers.20.self_attn.q_proj', 'model.layers.20.self_attn.k_proj', 'model.layers.20.self_attn.v_proj']",True,0.10160734504461288,,triton_separate_selected,256,768,0.3051809688960514,0.05953368420395585,1.0,"['q_proj', 'k_proj', 'v_proj']",0.2260018874999048
1,64,32,16,1024,0.06897147499955736,0.013454724999917289,512,0.0808982875000197,20,256,Qwen/Qwen3-0.6B,3,"['model.layers.20.self_attn.q_proj', 'model.layers.20.self_attn.k_proj', 'model.layers.20.self_attn.v_proj']",True,0.10160734504461288,0.0,triton_fused_selected,256,768,0.8525702722636812,0.1663165613971002,2.7936547791552417,"['q_proj', 'k_proj', 'v_proj']",0.2260018874999048
12,64,32,16,1024,0.017555525000290118,0.025366025000295167,32,0.017555525000290118,20,16,Qwen/Qwen3-0.6B,3,"['model.layers.20.self_attn.q_proj', 'model.layers.20.self_attn.k_proj', 'model.layers.20.self_attn.v_proj']",True,0.0,,dense_full_concat,16,48,1.0,1.4449026730830308,8.621037394079531,"['q_proj', 'k_proj', 'v_proj']",0.15134683750019917
12,64,32,16,1024,0.017555525000290118,0.025366025000295167,32,0.025366025000295167,20,16,Qwen/Qwen3-0.6B,3,"['model.layers.20.self_attn.q_proj', 'model.layers.20.self_attn.k_proj', 'model.layers.20.self_attn.v_proj']",True,0.0,,dense_selected_concat,16,48,0.6920881375811084,1.0,5.966517714085595,"['q_proj', 'k_proj', 'v_proj']",0.15134683750019917
12,64,32,16,1024,0.017555525000290118,0.025366025000295167,32,0.020730812499891726,20,16,Qwen/Qwen3-0.6B,3,"['model.layers.20.self_attn.q_proj', 'model.layers.20.self_attn.k_proj', 'model.layers.20.self_attn.v_proj']",True,0.11567967385053635,,cached_selected_concat,16,48,0.846832462566617,1.2235904888159908,7.30057432630726,"['q_proj', 'k_proj', 'v_proj']",0.15134683750019917
12,64,32,16,1024,0.017555525000290118,0.025366025000295167,32,0.15134683750019917,20,16,Qwen/Qwen3-0.6B,3,"['model.layers.20.self_attn.q_proj', 'model.layers.20.self_attn.k_proj', 'model.layers.20.self_attn.v_proj']",True,0.11567967385053635,,triton_separate_selected,16,48,0.11599532101400542,0.1676019493982607,1.0,"['q_proj', 'k_proj', 'v_proj']",0.15134683750019917
12,64,32,16,1024,0.017555525000290118,0.025366025000295167,32,0.08765001250026216,20,16,Qwen/Qwen3-0.6B,3,"['model.layers.20.self_attn.q_proj', 'model.layers.20.self_attn.k_proj', 'model.layers.20.self_attn.v_proj']",True,0.11567967385053635,0.0,triton_fused_selected,16,48,0.20029118649854852,0.2894012707667246,1.726717808508544,"['q_proj', 'k_proj', 'v_proj']",0.15134683750019917
12,64,32,16,1024,0.017555525000290118,0.02286086250009589,128,0.017555525000290118,20,64,Qwen/Qwen3-0.6B,3,"['model.layers.20.self_attn.q_proj', 'model.layers.20.self_attn.k_proj', 'model.layers.20.self_attn.v_proj']",True,0.0,,dense_full_concat,64,192,1.0,1.3022032949580318,8.25980068940257,"['q_proj', 'k_proj', 'v_proj']",0.14500513750022037
12,64,32,16,1024,0.017555525000290118,0.02286086250009589,128,0.02286086250009589,20,64,Qwen/Qwen3-0.6B,3,"['model.layers.20.self_attn.q_proj', 'model.layers.20.self_attn.k_proj', 'model.layers.20.self_attn.v_proj']",True,0.0,,dense_selected_concat,64,192,0.7679292502728836,1.0,6.342942550816363,"['q_proj', 'k_proj', 'v_proj']",0.14500513750022037
12,64,32,16,1024,0.017555525000290118,0.02286086250009589,128,0.018535150000076328,20,64,Qwen/Qwen3-0.6B,3,"['model.layers.20.self_attn.q_proj', 'model.layers.20.self_attn.k_proj', 'model.layers.20.self_attn.v_proj']",True,0.09839517623186111,,cached_selected_concat,64,192,0.9471477166474414,1.2333788774302743,7.823251362930606,"['q_proj', 'k_proj', 'v_proj']",0.14500513750022037
12,64,32,16,1024,0.017555525000290118,0.02286086250009589,128,0.14500513750022037,20,64,Qwen/Qwen3-0.6B,3,"['model.layers.20.self_attn.q_proj', 'model.layers.20.self_attn.k_proj', 'model.layers.20.self_attn.v_proj']",True,0.09839023649692535,,triton_separate_selected,64,192,0.12106829663372057,0.1576555347913873,1.0,"['q_proj', 'k_proj', 'v_proj']",0.14500513750022037
12,64,32,16,1024,0.017555525000290118,0.02286086250009589,128,0.08036302499974113,20,64,Qwen/Qwen3-0.6B,3,"['model.layers.20.self_attn.q_proj', 'model.layers.20.self_attn.k_proj', 'model.layers.20.self_attn.v_proj']",True,0.09839023649692535,0.0,triton_fused_selected,64,192,0.21845276481748502,0.284469910138021,1.8043762974413602,"['q_proj', 'k_proj', 'v_proj']",0.14500513750022037
12,64,32,16,1024,0.017555525000290118,0.013915474999492972,512,0.017555525000290118,20,256,Qwen/Qwen3-0.6B,3,"['model.layers.20.self_attn.q_proj', 'model.layers.20.self_attn.k_proj', 'model.layers.20.self_attn.v_proj']",True,0.0,,dense_full_concat,256,768,1.0,0.7926550188196029,8.561448603651773,"['q_proj', 'k_proj', 'v_proj']",0.1503007250001076
12,64,32,16,1024,0.017555525000290118,0.013915474999492972,512,0.013915474999492972,20,256,Qwen/Qwen3-0.6B,3,"['model.layers.20.self_attn.q_proj', 'model.layers.20.self_attn.k_proj', 'model.layers.20.self_attn.v_proj']",True,0.0,,dense_selected_concat,256,768,1.2615828781216434,1.0,10.800976970285529,"['q_proj', 'k_proj', 'v_proj']",0.1503007250001076
12,64,32,16,1024,0.017555525000290118,0.013915474999492972,512,0.01269302499977698,20,256,Qwen/Qwen3-0.6B,3,"['model.layers.20.self_attn.q_proj', 'model.layers.20.self_attn.k_proj', 'model.layers.20.self_attn.v_proj']",True,0.10712509602308273,,cached_selected_concat,256,768,1.3830844105797138,1.0963087994971623,11.841206095690225,"['q_proj', 'k_proj', 'v_proj']",0.1503007250001076
12,64,32,16,1024,0.017555525000290118,0.013915474999492972,512,0.1503007250001076,20,256,Qwen/Qwen3-0.6B,3,"['model.layers.20.self_attn.q_proj', 'model.layers.20.self_attn.k_proj', 'model.layers.20.self_attn.v_proj']",True,0.10712515562772751,,triton_separate_selected,256,768,0.11680266346205283,0.09258421740469322,1.0,"['q_proj', 'k_proj', 'v_proj']",0.1503007250001076
12,64,32,16,1024,0.017555525000290118,0.013915474999492972,512,0.08028976250002984,20,256,Qwen/Qwen3-0.6B,3,"['model.layers.20.self_attn.q_proj', 'model.layers.20.self_attn.k_proj', 'model.layers.20.self_attn.v_proj']",True,0.10712515562772751,0.0,triton_fused_selected,256,768,0.21865209777253475,0.17331568267483416,1.8719786971601984,"['q_proj', 'k_proj', 'v_proj']",0.1503007250001076
64,64,32,16,1024,0.019910374999909664,0.019993537500084813,32,0.019910374999909664,20,16,Qwen/Qwen3-0.6B,3,"['model.layers.20.self_attn.q_proj', 'model.layers.20.self_attn.k_proj', 'model.layers.20.self_attn.v_proj']",True,0.0,,dense_full_concat,16,48,1.0,1.0041768424841584,7.238875460706701,"['q_proj', 'k_proj', 'v_proj']",0.14412872500031426
64,64,32,16,1024,0.019910374999909664,0.019993537500084813,32,0.019993537500084813,20,16,Qwen/Qwen3-0.6B,3,"['model.layers.20.self_attn.q_proj', 'model.layers.20.self_attn.k_proj', 'model.layers.20.self_attn.v_proj']",True,0.0,,dense_selected_concat,16,48,0.9958405309628275,1.0,7.208765582363945,"['q_proj', 'k_proj', 'v_proj']",0.14412872500031426
64,64,32,16,1024,0.019910374999909664,0.019993537500084813,32,0.024657287499962877,20,16,Qwen/Qwen3-0.6B,3,"['model.layers.20.self_attn.q_proj', 'model.layers.20.self_attn.k_proj', 'model.layers.20.self_attn.v_proj']",True,0.12059235572814941,,cached_selected_concat,16,48,0.807484399893526,0.8108571350402964,5.8452790072927225,"['q_proj', 'k_proj', 'v_proj']",0.14412872500031426
64,64,32,16,1024,0.019910374999909664,0.019993537500084813,32,0.14412872500031426,20,16,Qwen/Qwen3-0.6B,3,"['model.layers.20.self_attn.q_proj', 'model.layers.20.self_attn.k_proj', 'model.layers.20.self_attn.v_proj']",True,0.12059106677770615,,triton_separate_selected,16,48,0.1381430037618542,0.13872000532885598,1.0,"['q_proj', 'k_proj', 'v_proj']",0.14412872500031426
64,64,32,16,1024,0.019910374999909664,0.019993537500084813,32,0.08189657499997338,20,16,Qwen/Qwen3-0.6B,3,"['model.layers.20.self_attn.q_proj', 'model.layers.20.self_attn.k_proj', 'model.layers.20.self_attn.v_proj']",True,0.12059106677770615,0.0,triton_fused_selected,16,48,0.24311608879756125,0.24413154640583334,1.7598870892996576,"['q_proj', 'k_proj', 'v_proj']",0.14412872500031426
64,64,32,16,1024,0.019910374999909664,0.01956409999976927,128,0.019910374999909664,20,64,Qwen/Qwen3-0.6B,3,"['model.layers.20.self_attn.q_proj', 'model.layers.20.self_attn.k_proj', 'model.layers.20.self_attn.v_proj']",True,0.0,,dense_full_concat,64,192,1.0,0.9826083134977636,14.016969795977149,"['q_proj', 'k_proj', 'v_proj']",0.2790831250003123
64,64,32,16,1024,0.019910374999909664,0.01956409999976927,128,0.01956409999976927,20,64,Qwen/Qwen3-0.6B,3,"['model.layers.20.self_attn.q_proj', 'model.layers.20.self_attn.k_proj', 'model.layers.20.self_attn.v_proj']",True,0.0,,dense_selected_concat,64,192,1.017699510846115,1.0,14.265063304910713,"['q_proj', 'k_proj', 'v_proj']",0.2790831250003123
64,64,32,16,1024,0.019910374999909664,0.01956409999976927,128,0.01892062499990743,20,64,Qwen/Qwen3-0.6B,3,"['model.layers.20.self_attn.q_proj', 'model.layers.20.self_attn.k_proj', 'model.layers.20.self_attn.v_proj']",True,0.10439248383045197,,cached_selected_concat,64,192,1.0523106398444593,1.0340091830933167,14.750206454685175,"['q_proj', 'k_proj', 'v_proj']",0.2790831250003123
64,64,32,16,1024,0.019910374999909664,0.01956409999976927,128,0.2790831250003123,20,64,Qwen/Qwen3-0.6B,3,"['model.layers.20.self_attn.q_proj', 'model.layers.20.self_attn.k_proj', 'model.layers.20.self_attn.v_proj']",True,0.10439592599868774,,triton_separate_selected,64,192,0.0713420956565804,0.07010133629450858,1.0,"['q_proj', 'k_proj', 'v_proj']",0.2790831250003123
64,64,32,16,1024,0.019910374999909664,0.01956409999976927,128,0.08912644999981012,20,64,Qwen/Qwen3-0.6B,3,"['model.layers.20.self_attn.q_proj', 'model.layers.20.self_attn.k_proj', 'model.layers.20.self_attn.v_proj']",True,0.10439592599868774,0.0,triton_fused_selected,64,192,0.2233946824983165,0.21950947221403916,3.1313165171608075,"['q_proj', 'k_proj', 'v_proj']",0.2790831250003123
64,64,32,16,1024,0.019910374999909664,0.014411287499882519,512,0.019910374999909664,20,256,Qwen/Qwen3-0.6B,3,"['model.layers.20.self_attn.q_proj', 'model.layers.20.self_attn.k_proj', 'model.layers.20.self_attn.v_proj']",True,0.0,,dense_full_concat,256,768,1.0,0.7238079393254977,15.280630701428114,"['q_proj', 'k_proj', 'v_proj']",0.3042430875005664
64,64,32,16,1024,0.019910374999909664,0.014411287499882519,512,0.014411287499882519,20,256,Qwen/Qwen3-0.6B,3,"['model.layers.20.self_attn.q_proj', 'model.layers.20.self_attn.k_proj', 'model.layers.20.self_attn.v_proj']",True,0.0,,dense_selected_concat,256,768,1.3815819717753859,1.0,21.111443894450552,"['q_proj', 'k_proj', 'v_proj']",0.3042430875005664
64,64,32,16,1024,0.019910374999909664,0.014411287499882519,512,0.014494450000057668,20,256,Qwen/Qwen3-0.6B,3,"['model.layers.20.self_attn.q_proj', 'model.layers.20.self_attn.k_proj', 'model.layers.20.self_attn.v_proj']",True,0.107066310942173,,cached_selected_concat,256,768,1.3736550886601733,0.9942624590671038,20.9903161209536,"['q_proj', 'k_proj', 'v_proj']",0.3042430875005664
64,64,32,16,1024,0.019910374999909664,0.014411287499882519,512,0.3042430875005664,20,256,Qwen/Qwen3-0.6B,3,"['model.layers.20.self_attn.q_proj', 'model.layers.20.self_attn.k_proj', 'model.layers.20.self_attn.v_proj']",True,0.10706636309623718,,triton_separate_selected,256,768,0.06544232496283946,0.0473676743760224,1.0,"['q_proj', 'k_proj', 'v_proj']",0.3042430875005664
64,64,32,16,1024,0.019910374999909664,0.014411287499882519,512,0.08397427500028698,20,256,Qwen/Qwen3-0.6B,3,"['model.layers.20.self_attn.q_proj', 'model.layers.20.self_attn.k_proj', 'model.layers.20.self_attn.v_proj']",True,0.10706636309623718,0.0,triton_fused_selected,256,768,0.23710088595396173,0.1716155036745869,3.6230510772439137,"['q_proj', 'k_proj', 'v_proj']",0.3042430875005664
1,64,32,16,1024,0.024907899999959682,0.0667540124993593,16,0.024907899999959682,27,32,Qwen/Qwen3-0.6B,3,"['model.layers.27.self_attn.q_proj', 'model.layers.27.self_attn.k_proj', 'model.layers.27.self_attn.v_proj']",True,0.0,,dense_full_concat,16,48,1.0,2.6800337442926687,12.990518068596618,"['q_proj', 'k_proj', 'v_proj']",0.32356652500027394
1,64,32,16,1024,0.024907899999959682,0.0667540124993593,16,0.0667540124993593,27,32,Qwen/Qwen3-0.6B,3,"['model.layers.27.self_attn.q_proj', 'model.layers.27.self_attn.k_proj', 'model.layers.27.self_attn.v_proj']",True,0.0,,dense_selected_concat,16,48,0.37312963022558,1.0,4.847147203374171,"['q_proj', 'k_proj', 'v_proj']",0.32356652500027394
1,64,32,16,1024,0.024907899999959682,0.0667540124993593,16,0.021958524999377005,27,32,Qwen/Qwen3-0.6B,3,"['model.layers.27.self_attn.q_proj', 'model.layers.27.self_attn.k_proj', 'model.layers.27.self_attn.v_proj']",True,0.09843113273382187,,cached_selected_concat,16,48,1.1343157156806458,3.0400043947056195,14.735348800042534,"['q_proj', 'k_proj', 'v_proj']",0.32356652500027394
1,64,32,16,1024,0.024907899999959682,0.0667540124993593,16,0.32356652500027394,27,32,Qwen/Qwen3-0.6B,3,"['model.layers.27.self_attn.q_proj', 'model.layers.27.self_attn.k_proj', 'model.layers.27.self_attn.v_proj']",True,0.09843113273382187,,triton_separate_selected,16,48,0.07697922397855772,0.206306917871998,1.0,"['q_proj', 'k_proj', 'v_proj']",0.32356652500027394
1,64,32,16,1024,0.024907899999959682,0.0667540124993593,16,0.09845896249984776,27,32,Qwen/Qwen3-0.6B,3,"['model.layers.27.self_attn.q_proj', 'model.layers.27.self_attn.k_proj', 'model.layers.27.self_attn.v_proj']",True,0.09843113273382187,0.0,triton_fused_selected,16,48,0.25297747779942525,0.6779881770485091,3.2863084963014337,"['q_proj', 'k_proj', 'v_proj']",0.32356652500027394
1,64,32,16,1024,0.024907899999959682,0.0134918000000539,64,0.024907899999959682,27,128,Qwen/Qwen3-0.6B,3,"['model.layers.27.self_attn.q_proj', 'model.layers.27.self_attn.k_proj', 'model.layers.27.self_attn.v_proj']",True,0.0,,dense_full_concat,64,192,1.0,0.5416675030843925,5.8569650592962725,"['q_proj', 'k_proj', 'v_proj']",0.14588470000020948
1,64,32,16,1024,0.024907899999959682,0.0134918000000539,64,0.0134918000000539,27,128,Qwen/Qwen3-0.6B,3,"['model.layers.27.self_attn.q_proj', 'model.layers.27.self_attn.k_proj', 'model.layers.27.self_attn.v_proj']",True,0.0,,dense_selected_concat,64,192,1.8461509954090762,1.0,10.812841874295993,"['q_proj', 'k_proj', 'v_proj']",0.14588470000020948
1,64,32,16,1024,0.024907899999959682,0.0134918000000539,64,0.011329175000440728,27,128,Qwen/Qwen3-0.6B,3,"['model.layers.27.self_attn.q_proj', 'model.layers.27.self_attn.k_proj', 'model.layers.27.self_attn.v_proj']",True,0.12647193670272827,,cached_selected_concat,64,192,2.1985625607328614,1.1908898926469969,12.876904098889307,"['q_proj', 'k_proj', 'v_proj']",0.14588470000020948
1,64,32,16,1024,0.024907899999959682,0.0134918000000539,64,0.14588470000020948,27,128,Qwen/Qwen3-0.6B,3,"['model.layers.27.self_attn.q_proj', 'model.layers.27.self_attn.k_proj', 'model.layers.27.self_attn.v_proj']",True,0.126468688249588,,triton_separate_selected,64,192,0.17073689015999563,0.09248262497735901,1.0,"['q_proj', 'k_proj', 'v_proj']",0.14588470000020948
1,64,32,16,1024,0.024907899999959682,0.0134918000000539,64,0.07688441249982247,27,128,Qwen/Qwen3-0.6B,3,"['model.layers.27.self_attn.q_proj', 'model.layers.27.self_attn.k_proj', 'model.layers.27.self_attn.v_proj']",True,0.126468688249588,0.0,triton_fused_selected,64,192,0.3239655372279419,0.1754816036356531,1.8974548319602016,"['q_proj', 'k_proj', 'v_proj']",0.14588470000020948
1,64,32,16,1024,0.024907899999959682,0.01519153749995894,256,0.024907899999959682,27,512,Qwen/Qwen3-0.6B,3,"['model.layers.27.self_attn.q_proj', 'model.layers.27.self_attn.k_proj', 'model.layers.27.self_attn.v_proj']",True,0.0,,dense_full_concat,256,768,1.0,0.6099084025543514,11.360717884698234,"['q_proj', 'k_proj', 'v_proj']",0.2829716249998171
1,64,32,16,1024,0.024907899999959682,0.01519153749995894,256,0.01519153749995894,27,512,Qwen/Qwen3-0.6B,3,"['model.layers.27.self_attn.q_proj', 'model.layers.27.self_attn.k_proj', 'model.layers.27.self_attn.v_proj']",True,0.0,,dense_selected_concat,256,768,1.6395904627840996,1.0,18.626924694131972,"['q_proj', 'k_proj', 'v_proj']",0.2829716249998171
1,64,32,16,1024,0.024907899999959682,0.01519153749995894,256,0.011560000000088166,27,512,Qwen/Qwen3-0.6B,3,"['model.layers.27.self_attn.q_proj', 'model.layers.27.self_attn.k_proj', 'model.layers.27.self_attn.v_proj']",True,0.1292075216770172,,cached_selected_concat,256,768,2.1546626297378646,1.3141468425469789,24.478514273153884,"['q_proj', 'k_proj', 'v_proj']",0.2829716249998171
1,64,32,16,1024,0.024907899999959682,0.01519153749995894,256,0.2829716249998171,27,512,Qwen/Qwen3-0.6B,3,"['model.layers.27.self_attn.q_proj', 'model.layers.27.self_attn.k_proj', 'model.layers.27.self_attn.v_proj']",True,0.12920820713043213,,triton_separate_selected,256,768,0.08802260650683892,0.05368572732325638,1.0,"['q_proj', 'k_proj', 'v_proj']",0.2829716249998171
1,64,32,16,1024,0.024907899999959682,0.01519153749995894,256,0.286268299999648,27,512,Qwen/Qwen3-0.6B,3,"['model.layers.27.self_attn.q_proj', 'model.layers.27.self_attn.k_proj', 'model.layers.27.self_attn.v_proj']",True,0.12920820713043213,0.0,triton_fused_selected,256,768,0.08700893532392623,0.05306748075137073,0.9884839676630807,"['q_proj', 'k_proj', 'v_proj']",0.2829716249998171
12,64,32,16,1024,0.08199839999960545,0.07801418750048583,16,0.08199839999960545,27,32,Qwen/Qwen3-0.6B,3,"['model.layers.27.self_attn.q_proj', 'model.layers.27.self_attn.k_proj', 'model.layers.27.self_attn.v_proj']",True,0.0,,dense_full_concat,16,48,1.0,0.9514110946172267,5.0874663408301855,"['q_proj', 'k_proj', 'v_proj']",0.41716409999992266
12,64,32,16,1024,0.08199839999960545,0.07801418750048583,16,0.07801418750048583,27,32,Qwen/Qwen3-0.6B,3,"['model.layers.27.self_attn.q_proj', 'model.layers.27.self_attn.k_proj', 'model.layers.27.self_attn.v_proj']",True,0.0,,dense_selected_concat,16,48,1.0510703581844625,1.0,5.347285069107779,"['q_proj', 'k_proj', 'v_proj']",0.41716409999992266
12,64,32,16,1024,0.08199839999960545,0.07801418750048583,16,0.05614969999996333,27,32,Qwen/Qwen3-0.6B,3,"['model.layers.27.self_attn.q_proj', 'model.layers.27.self_attn.k_proj', 'model.layers.27.self_attn.v_proj']",True,0.11370076984167099,,cached_selected_concat,16,48,1.460353305532514,1.3893963369445745,7.429498287616765,"['q_proj', 'k_proj', 'v_proj']",0.41716409999992266
12,64,32,16,1024,0.08199839999960545,0.07801418750048583,16,0.41716409999992266,27,32,Qwen/Qwen3-0.6B,3,"['model.layers.27.self_attn.q_proj', 'model.layers.27.self_attn.k_proj', 'model.layers.27.self_attn.v_proj']",True,0.11370076984167099,,triton_separate_selected,16,48,0.19656149702148545,0.18701078904081223,1.0,"['q_proj', 'k_proj', 'v_proj']",0.41716409999992266
12,64,32,16,1024,0.08199839999960545,0.07801418750048583,16,0.10430022500003133,27,32,Qwen/Qwen3-0.6B,3,"['model.layers.27.self_attn.q_proj', 'model.layers.27.self_attn.k_proj', 'model.layers.27.self_attn.v_proj']",True,0.11370076984167099,0.0,triton_fused_selected,16,48,0.786176635760669,0.7479771735915469,3.9996471723795164,"['q_proj', 'k_proj', 'v_proj']",0.41716409999992266
12,64,32,16,1024,0.08199839999960545,0.02012178750021576,64,0.08199839999960545,27,128,Qwen/Qwen3-0.6B,3,"['model.layers.27.self_attn.q_proj', 'model.layers.27.self_attn.k_proj', 'model.layers.27.self_attn.v_proj']",True,0.0,,dense_full_concat,64,192,1.0,0.24539244058801854,1.7413746792648446,"['q_proj', 'k_proj', 'v_proj']",0.14278993749954338
12,64,32,16,1024,0.08199839999960545,0.02012178750021576,64,0.02012178750021576,27,128,Qwen/Qwen3-0.6B,3,"['model.layers.27.self_attn.q_proj', 'model.layers.27.self_attn.k_proj', 'model.layers.27.self_attn.v_proj']",True,0.0,,dense_selected_concat,64,192,4.075105156474106,1.0,7.0962849348256105,"['q_proj', 'k_proj', 'v_proj']",0.14278993749954338
12,64,32,16,1024,0.08199839999960545,0.02012178750021576,64,0.017886912500131302,27,128,Qwen/Qwen3-0.6B,3,"['model.layers.27.self_attn.q_proj', 'model.layers.27.self_attn.k_proj', 'model.layers.27.self_attn.v_proj']",True,0.12163065373897552,,cached_selected_concat,64,192,4.584267966816718,1.1249447046866279,7.982928160379563,"['q_proj', 'k_proj', 'v_proj']",0.14278993749954338
12,64,32,16,1024,0.08199839999960545,0.02012178750021576,64,0.14278993749954338,27,128,Qwen/Qwen3-0.6B,3,"['model.layers.27.self_attn.q_proj', 'model.layers.27.self_attn.k_proj', 'model.layers.27.self_attn.v_proj']",True,0.12162792682647705,,triton_separate_selected,64,192,0.5742589529452499,0.14091880599275494,1.0,"['q_proj', 'k_proj', 'v_proj']",0.14278993749954338
12,64,32,16,1024,0.08199839999960545,0.02012178750021576,64,0.0798360250001906,27,128,Qwen/Qwen3-0.6B,3,"['model.layers.27.self_attn.q_proj', 'model.layers.27.self_attn.k_proj', 'model.layers.27.self_attn.v_proj']",True,0.12162792682647705,0.0,triton_fused_selected,64,192,1.0270852036960718,0.2520389448268212,1.788540167163915,"['q_proj', 'k_proj', 'v_proj']",0.14278993749954338
12,64,32,16,1024,0.08199839999960545,0.09146251249987358,256,0.08199839999960545,27,512,Qwen/Qwen3-0.6B,3,"['model.layers.27.self_attn.q_proj', 'model.layers.27.self_attn.k_proj', 'model.layers.27.self_attn.v_proj']",True,0.0,,dense_full_concat,256,768,1.0,1.11541825816496,3.9400096526433095,"['q_proj', 'k_proj', 'v_proj']",0.32307448749975265
12,64,32,16,1024,0.08199839999960545,0.09146251249987358,256,0.09146251249987358,27,512,Qwen/Qwen3-0.6B,3,"['model.layers.27.self_attn.q_proj', 'model.layers.27.self_attn.k_proj', 'model.layers.27.self_attn.v_proj']",True,0.0,,dense_selected_concat,256,768,0.8965246827187127,1.0,3.5323159037447085,"['q_proj', 'k_proj', 'v_proj']",0.32307448749975265
12,64,32,16,1024,0.08199839999960545,0.09146251249987358,256,0.07246788750023825,27,512,Qwen/Qwen3-0.6B,3,"['model.layers.27.self_attn.q_proj', 'model.layers.27.self_attn.k_proj', 'model.layers.27.self_attn.v_proj']",True,0.11980608850717545,,cached_selected_concat,256,768,1.131513596271671,1.262110924643317,4.4581744914075285,"['q_proj', 'k_proj', 'v_proj']",0.32307448749975265
12,64,32,16,1024,0.08199839999960545,0.09146251249987358,256,0.32307448749975265,27,512,Qwen/Qwen3-0.6B,3,"['model.layers.27.self_attn.q_proj', 'model.layers.27.self_attn.k_proj', 'model.layers.27.self_attn.v_proj']",True,0.11980608850717545,,triton_separate_selected,256,768,0.25380648479607426,0.2831003871822086,1.0,"['q_proj', 'k_proj', 'v_proj']",0.32307448749975265
12,64,32,16,1024,0.08199839999960545,0.09146251249987358,256,0.25827232500006403,27,512,Qwen/Qwen3-0.6B,3,"['model.layers.27.self_attn.q_proj', 'model.layers.27.self_attn.k_proj', 'model.layers.27.self_attn.v_proj']",True,0.11980608850717545,0.0,triton_fused_selected,256,768,0.31748813969744966,0.35413206776936285,1.2509063350077192,"['q_proj', 'k_proj', 'v_proj']",0.32307448749975265
64,64,32,16,1024,0.01967906249973339,0.03695043750013838,16,0.01967906249973339,27,32,Qwen/Qwen3-0.6B,3,"['model.layers.27.self_attn.q_proj', 'model.layers.27.self_attn.k_proj', 'model.layers.27.self_attn.v_proj']",True,0.0,,dense_full_concat,16,48,1.0,1.8776523272203123,8.552552998996074,"['q_proj', 'k_proj', 'v_proj']",0.16830622499952597
64,64,32,16,1024,0.01967906249973339,0.03695043750013838,16,0.03695043750013838,27,32,Qwen/Qwen3-0.6B,3,"['model.layers.27.self_attn.q_proj', 'model.layers.27.self_attn.k_proj', 'model.layers.27.self_attn.v_proj']",True,0.0,,dense_selected_concat,16,48,0.5325799592943844,1.0,4.554918328068394,"['q_proj', 'k_proj', 'v_proj']",0.16830622499952597
64,64,32,16,1024,0.01967906249973339,0.03695043750013838,16,0.03153248750038529,27,32,Qwen/Qwen3-0.6B,3,"['model.layers.27.self_attn.q_proj', 'model.layers.27.self_attn.k_proj', 'model.layers.27.self_attn.v_proj']",True,0.11820744723081589,,cached_selected_concat,16,48,0.6240884896725302,1.1718212050250363,5.337549883987728,"['q_proj', 'k_proj', 'v_proj']",0.16830622499952597
64,64,32,16,1024,0.01967906249973339,0.03695043750013838,16,0.16830622499952597,27,32,Qwen/Qwen3-0.6B,3,"['model.layers.27.self_attn.q_proj', 'model.layers.27.self_attn.k_proj', 'model.layers.27.self_attn.v_proj']",True,0.11821626871824265,,triton_separate_selected,16,48,0.1169241511999263,0.2195429046088013,1.0,"['q_proj', 'k_proj', 'v_proj']",0.16830622499952597
64,64,32,16,1024,0.01967906249973339,0.03695043750013838,16,0.08466071249983997,27,32,Qwen/Qwen3-0.6B,3,"['model.layers.27.self_attn.q_proj', 'model.layers.27.self_attn.k_proj', 'model.layers.27.self_attn.v_proj']",True,0.11821626871824265,0.0,triton_fused_selected,16,48,0.232446218779113,0.4364531836441634,1.9880086055246002,"['q_proj', 'k_proj', 'v_proj']",0.16830622499952597
64,64,32,16,1024,0.01967906249973339,0.03996403750008426,64,0.01967906249973339,27,128,Qwen/Qwen3-0.6B,3,"['model.layers.27.self_attn.q_proj', 'model.layers.27.self_attn.k_proj', 'model.layers.27.self_attn.v_proj']",True,0.0,,dense_full_concat,64,192,1.0,2.030789703555527,8.278911914751891,"['q_proj', 'k_proj', 'v_proj']",0.1629212250001899
64,64,32,16,1024,0.01967906249973339,0.03996403750008426,64,0.03996403750008426,27,128,Qwen/Qwen3-0.6B,3,"['model.layers.27.self_attn.q_proj', 'model.layers.27.self_attn.k_proj', 'model.layers.27.self_attn.v_proj']",True,0.0,,dense_selected_concat,64,192,0.49241927819960385,1.0,4.076695829340227,"['q_proj', 'k_proj', 'v_proj']",0.1629212250001899
64,64,32,16,1024,0.01967906249973339,0.03996403750008426,64,0.032401899999712214,27,128,Qwen/Qwen3-0.6B,3,"['model.layers.27.self_attn.q_proj', 'model.layers.27.self_attn.k_proj', 'model.layers.27.self_attn.v_proj']",True,0.11947139352560043,,cached_selected_concat,64,192,0.6073428564345972,1.2333856193753827,5.028138010475835,"['q_proj', 'k_proj', 'v_proj']",0.1629212250001899
64,64,32,16,1024,0.01967906249973339,0.03996403750008426,64,0.1629212250001899,27,128,Qwen/Qwen3-0.6B,3,"['model.layers.27.self_attn.q_proj', 'model.layers.27.self_attn.k_proj', 'model.layers.27.self_attn.v_proj']",True,0.11948035657405853,,triton_separate_selected,64,192,0.12078881987113989,0.24529669169893412,1.0,"['q_proj', 'k_proj', 'v_proj']",0.1629212250001899
64,64,32,16,1024,0.01967906249973339,0.03996403750008426,64,0.07712323750013184,27,128,Qwen/Qwen3-0.6B,3,"['model.layers.27.self_attn.q_proj', 'model.layers.27.self_attn.k_proj', 'model.layers.27.self_attn.v_proj']",True,0.11948035657405853,0.0,triton_fused_selected,64,192,0.2551638538216157,0.5181841270604848,2.1124790696177844,"['q_proj', 'k_proj', 'v_proj']",0.1629212250001899
64,64,32,16,1024,0.01967906249973339,0.015091087499996547,256,0.01967906249973339,27,512,Qwen/Qwen3-0.6B,3,"['model.layers.27.self_attn.q_proj', 'model.layers.27.self_attn.k_proj', 'model.layers.27.self_attn.v_proj']",True,0.0,,dense_full_concat,256,768,1.0,0.7668600829028821,8.573109110353986,"['q_proj', 'k_proj', 'v_proj']",0.16871074999968982
64,64,32,16,1024,0.01967906249973339,0.015091087499996547,256,0.015091087499996547,27,512,Qwen/Qwen3-0.6B,3,"['model.layers.27.self_attn.q_proj', 'model.layers.27.self_attn.k_proj', 'model.layers.27.self_attn.v_proj']",True,0.0,,dense_selected_concat,256,768,1.3040188455429667,1.0,11.179495844797694,"['q_proj', 'k_proj', 'v_proj']",0.16871074999968982
64,64,32,16,1024,0.01967906249973339,0.015091087499996547,256,0.015496862499730923,27,512,Qwen/Qwen3-0.6B,3,"['model.layers.27.self_attn.q_proj', 'model.layers.27.self_attn.k_proj', 'model.layers.27.self_attn.v_proj']",True,0.12248930335044861,,cached_selected_concat,256,768,1.2698739825609915,0.9738156675429351,10.886768208895136,"['q_proj', 'k_proj', 'v_proj']",0.16871074999968982
64,64,32,16,1024,0.01967906249973339,0.015091087499996547,256,0.16871074999968982,27,512,Qwen/Qwen3-0.6B,3,"['model.layers.27.self_attn.q_proj', 'model.layers.27.self_attn.k_proj', 'model.layers.27.self_attn.v_proj']",True,0.12248927354812622,,triton_separate_selected,256,768,0.11664379714848977,0.08944947195139784,1.0,"['q_proj', 'k_proj', 'v_proj']",0.16871074999968982
64,64,32,16,1024,0.01967906249973339,0.015091087499996547,256,0.08673564999952532,27,512,Qwen/Qwen3-0.6B,3,"['model.layers.27.self_attn.q_proj', 'model.layers.27.self_attn.k_proj', 'model.layers.27.self_attn.v_proj']",True,0.12248927354812622,0.0,triton_fused_selected,256,768,0.22688551362491766,0.17398944378786735,1.945114263865125,"['q_proj', 'k_proj', 'v_proj']",0.16871074999968982
